OrderID,OrderDate,Region,Category,Product,CustomerSegment,Quantity,UnitPrice,Discount,Sales,Profit
ORD-10000,2023-04-13,Central,Electronics,Smartphone,Consumer,8,229.42,0.0,1835.36,170.43
ORD-10001,2023-12-10,West,Furniture,Desk,Consumer,9,504.86,0.0,4543.74,1061.22
ORD-10002,2023-07-09,West,Furniture,Bookshelf,Home Office,7,394.74,0.0,2763.18,192.08
ORD-10003,2023-08-30,South,Furniture,Chair,Consumer,8,223.18,0.0,1785.44,576.33
ORD-10004,2023-01-02,West,Furniture,Desk,Corporate,4,680.14,0.05,2584.53,844.01
ORD-10005,2024-12-02,South,Electronics,Keyboard,Home Office,9,1003.05,,9027.45,898.95
ORD-10006,2023-05-09,East,Office Supplies,Stapler,Consumer,7,37.15,0.1,234.04,75.94
ORD-10007,2023-02-02,East,Office Supplies,Folder,Corporate,3,8.94,0.1,24.14,5.27
ORD-10008,2024-01-28,South,Office Supplies,Pen Set,Consumer,4,29.57,0.2,94.62,11.81
ORD-10009,2023-02-05,East,Electronics,Smartphone,Corporate,5,1062.54,0.15,4515.8,1314.56
ORD-10010,2023-11-27,North,Furniture,Sofa,Home Office,9,246.82,,1888.17,581.97
ORD-10011,2024-10-10,North,Furniture,Lamp,Home Office,8,225.54,0.1,1623.89,258.34
ORD-10012,2024-05-24,East,Office Supplies,Pen Set,Consumer,2,17.47,0.05,33.19,2.17
ORD-10013,2024-02-07,Central,Furniture,Desk,Corporate,8,223.96,0.0,1791.68,481.0
ORD-10014,2023-07-17,North,Furniture,Bookshelf,Consumer,4,181.75,0.0,727.0,84.38
ORD-10015,2023-05-28,North,Office Supplies,Printer Paper,Consumer,9,50.59,0.0,455.31,149.07
ORD-10016,2023-05-24,West,Furniture,Chair,Consumer,5,110.76,0.15,470.73,50.19
ORD-10017,2023-07-27,North,Office Supplies,Printer Paper,Home Office,3,40.8,0.0,122.4,40.64
ORD-10018,2023-12-04,Central,Furniture,Bookshelf,Consumer,4,53.74,0.0,214.96,58.74
ORD-10019,2024-11-18,Central,Office Supplies,Stapler,Home Office,1,48.1,0.05,45.7,9.04
ORD-10020,2024-10-20,North,Office Supplies,Notebook,Corporate,9,23.47,0.2,168.98,25.22
ORD-10021,2024-11-30,Central,Electronics,Monitor,Consumer,2,269.55,0.05,512.14,169.44
ORD-10022,2024-09-17,East,Office Supplies,Pen Set,Corporate,6,42.43,0.0,254.58,35.15
ORD-10023,2024-02-12,South,Electronics,Monitor,Home Office,3,626.74,0.0,1880.22,305.86
ORD-10024,2023-02-20,Central,Electronics,Headphones,Corporate,6,729.46,0.0,4376.76,924.04
ORD-10025,2024-07-25,Central,Electronics,Monitor,Corporate,2,671.73,0.05,1276.29,187.47
ORD-10026,2024-08-26,Central,Furniture,Desk,Corporate,5,675.34,0.0,3376.7,1095.96
ORD-10027,2023-04-28,Central,Electronics,Keyboard,Consumer,6,1148.1,0.1,6199.74,398.74
ORD-10028,2023-03-27,West,Electronics,Keyboard,Consumer,5,158.28,0.05,751.83,59.66
ORD-10029,2023-10-16,South,Furniture,Lamp,Corporate,3,713.88,0.05,2034.56,624.5
ORD-10030,2023-12-02,North,Office Supplies,Pen Set,Home Office,1,35.26,0.05,33.5,7.16
ORD-10031,2024-02-21,West,Furniture,Bookshelf,Consumer,3,116.59,0.1,314.79,47.52
ORD-10032,2024-08-24,East,Furniture,Desk,Consumer,8,566.6,0.1,4079.52,1187.32
ORD-10033,2024-04-01,East,Office Supplies,Notebook,Corporate,5,52.29,0.0,261.45,66.4
ORD-10034,2023-09-30,North,Electronics,Monitor,Corporate,9,392.28,0.15,3000.94,469.56
ORD-10035,2024-07-17,Central,Office Supplies,Pen Set,Consumer,4,41.01,0.2,131.23,37.32
ORD-10036,2023-07-05,Central,Office Supplies,Pen Set,Home Office,9,8.79,0.1,71.2,16.77
ORD-10037,2024-10-14,South,Furniture,Chair,Home Office,3,101.83,0.05,290.22,89.66
ORD-10038,2023-11-23,West,Electronics,Keyboard,Corporate,7,864.41,0.05,5748.33,1850.42
ORD-10039,2024-10-14,South,Furniture,Sofa,Consumer,9,605.6,0.0,5450.4,739.69
ORD-10040,2023-05-14,Central,Furniture,Sofa,Consumer,5,717.27,0.0,3586.35,927.51
ORD-10041,2023-11-01,Central,Furniture,Chair,Corporate,8,724.88,0.0,5799.04,475.68
ORD-10042,2024-11-06,West,Furniture,Desk,Corporate,6,313.86,0.0,1883.16,252.21
ORD-10043,2024-07-11,South,Office Supplies,Folder,Home Office,8,26.26,0.15,178.57,38.48
ORD-10044,2024-01-09,North,Electronics,Headphones,Home Office,1,733.25,0.15,623.26,118.8
ORD-10045,2024-06-01,Central,Electronics,Keyboard,Corporate,3,1100.14,0.0,3300.42,611.12
ORD-10046,2024-12-17,North,Furniture,Chair,Corporate,2,126.3,0.05,239.97,71.85
ORD-10047,2023-08-24,North,Electronics,Smartphone,Consumer,5,204.12,0.1,918.54,267.77
ORD-10048,2023-11-02,East,Furniture,Desk,Home Office,8,304.67,0.2,1949.89,271.79
ORD-10049,2023-05-18,North,Electronics,Headphones,Consumer,3,1177.04,0.05,3354.56,630.78
ORD-10050,2024-06-03,East,Electronics,Smartphone,Home Office,3,817.69,0.15,2085.11,320.12
ORD-10051,2024-05-27,West,Electronics,Laptop,Corporate,9,1078.35,0.0,9705.15,1886.13
ORD-10052,2023-04-17,North,Office Supplies,Folder,Corporate,4,36.64,0.0,146.56,23.62
ORD-10053,2023-03-19,South,Furniture,Lamp,Corporate,7,141.17,0.05,938.78,196.8
ORD-10054,2023-01-15,West,Electronics,Keyboard,Corporate,9,698.56,0.15,5343.98,1218.84
ORD-10055,2023-04-19,South,Furniture,Sofa,Home Office,9,368.06,0.0,3312.54,1059.66
ORD-10056,2023-11-11,North,Electronics,Keyboard,Consumer,4,58.66,0.15,199.44,15.23
ORD-10057,2023-05-17,East,Office Supplies,Stapler,Home Office,2,8.5,,16.15,5.25
ORD-10058,2024-08-28,North,Furniture,Bookshelf,Corporate,5,474.43,0.0,2372.15,348.95
ORD-10059,2023-04-23,South,Office Supplies,Notebook,Corporate,4,10.95,0.0,43.8,9.99
ORD-10060,2023-09-18,West,Office Supplies,Pen Set,Corporate,5,16.77,0.0,83.85,7.13
ORD-10061,2024-02-23,Central,Furniture,Chair,Corporate,9,350.47,0.0,3154.23,516.56
ORD-10062,2024-07-25,North,Electronics,Smartphone,Consumer,5,281.87,0.0,1409.35,338.42
ORD-10063,2023-02-11,East,Electronics,Headphones,Consumer,9,396.58,0.0,3569.22,597.65
ORD-10064,2023-04-14,East,Office Supplies,Stapler,Home Office,1,11.67,0.05,11.09,3.53
ORD-10065,2023-04-07,East,Electronics,Keyboard,Home Office,5,214.6,0.15,912.05,139.2
ORD-10066,2023-08-16,Central,Electronics,Monitor,Consumer,3,609.31,0.1,1645.14,350.11
ORD-10067,2023-01-11,South,Furniture,Desk,Corporate,2,733.01,0.1,1319.42,73.14
ORD-10068,2023-12-22,South,Electronics,Keyboard,Consumer,8,712.73,0.15,4846.56,1566.44
ORD-10069,2023-12-12,North,Furniture,Sofa,Consumer,5,434.32,0.0,2171.6,593.44
ORD-10070,2024-10-27,West,Electronics,Smartphone,Consumer,2,1043.05,0.2,1668.88,377.37
ORD-10071,2023-07-01,Central,Electronics,Monitor,Consumer,2,466.75,0.1,840.15,86.88
ORD-10072,2024-09-21,Central,Furniture,Sofa,Consumer,3,275.55,0.0,826.65,264.05
ORD-10073,2024-03-04,South,Electronics,Smartphone,Consumer,1,941.86,0.05,894.77,194.96
ORD-10074,2023-02-24,South,Office Supplies,Stapler,Corporate,7,48.44,0.0,339.08,89.79
ORD-10075,2024-03-18,North,Office Supplies,Folder,Home Office,8,34.29,0.0,274.32,33.73
ORD-10076,2024-05-05,South,Electronics,Keyboard,Home Office,3,778.23,0.05,2217.96,391.31
ORD-10077,2024-06-06,East,Furniture,Desk,Home Office,9,671.3,0.05,5739.62,794.02
ORD-10078,2023-10-07,East,Electronics,Headphones,Corporate,1,591.73,0.0,591.73,125.74
ORD-10079,2023-10-05,South,Office Supplies,Printer Paper,Corporate,6,41.62,0.2,199.78,17.05
ORD-10080,2023-01-17,South,Electronics,Laptop,Home Office,6,172.57,0.1,931.88,116.69
ORD-10081,2024-11-15,Central,Electronics,Headphones,Corporate,1,646.76,0.0,646.76,149.37
ORD-10082,2023-10-23,North,Office Supplies,Printer Paper,Home Office,8,29.61,0.2,189.5,51.12
ORD-10083,2023-05-28,West,Office Supplies,Stapler,Home Office,9,10.97,0.1,88.86,7.28
ORD-10084,2023-08-05,South,Electronics,Smartphone,Consumer,3,333.36,0.0,1000.08,227.09
ORD-10085,2023-01-17,North,Furniture,Chair,Home Office,5,768.21,0.1,3456.94,923.8
ORD-10086,2024-04-10,East,Electronics,Monitor,Corporate,7,109.34,0.2,612.3,132.71
ORD-10087,2023-12-01,East,Electronics,Laptop,Corporate,4,535.03,0.15,1819.1,265.1
ORD-10088,2023-06-08,West,Office Supplies,Printer Paper,Consumer,7,21.71,0.05,144.37,32.01
ORD-10089,2024-02-01,Central,Furniture,Chair,Corporate,2,357.3,0.0,714.6,223.25
ORD-10090,2023-02-08,Central,Furniture,Sofa,Corporate,8,68.57,0.0,548.56,92.97
ORD-10091,2023-12-06,North,Electronics,Laptop,Home Office,2,587.41,,1174.82,73.58
ORD-10092,2024-08-07,North,Office Supplies,Notebook,Home Office,6,7.19,0.2,34.51,10.88
ORD-10093,2023-08-14,West,Electronics,Monitor,Home Office,3,511.82,0.05,1458.69,173.88
ORD-10094,2024-05-20,Central,Office Supplies,Folder,Corporate,1,55.81,0.0,55.81,9.42
ORD-10095,2023-08-04,Central,Office Supplies,Stapler,Consumer,2,35.65,0.05,67.74,11.34
ORD-10096,2023-07-14,West,Electronics,Headphones,Corporate,2,980.94,0.05,1863.79,301.57
ORD-10097,2024-08-24,West,Furniture,Lamp,Consumer,3,793.52,0.15,2023.48,312.31
ORD-10098,2023-10-16,West,Furniture,Bookshelf,Consumer,9,161.9,0.2,1165.68,95.29
ORD-10099,2023-05-13,South,Office Supplies,Folder,Consumer,5,9.47,0.1,42.62,4.19
ORD-10100,2024-06-07,Central,Office Supplies,Pen Set,Corporate,2,8.72,0.1,15.7,3.33
ORD-10101,2024-02-18,North,Office Supplies,Pen Set,Corporate,6,56.06,0.2,269.09,68.99
ORD-10102,2023-01-17,South,Furniture,Chair,Corporate,2,511.9,0.2,819.04,207.07
ORD-10103,2024-01-16,East,Office Supplies,Folder,Consumer,7,46.68,0.05,310.42,41.0
ORD-10104,2024-02-01,Central,Electronics,Keyboard,Home Office,6,303.89,0.0,1823.34,565.99
ORD-10105,2023-01-21,East,Office Supplies,Folder,Corporate,6,20.09,0.0,120.54,13.73
ORD-10106,2024-06-07,East,Furniture,Sofa,Corporate,2,109.29,0.1,196.72,46.79
ORD-10107,2024-01-13,North,Office Supplies,Printer Paper,Corporate,4,41.76,0.05,158.69,18.67
ORD-10108,2024-05-15,East,Electronics,Headphones,Consumer,2,222.02,0.05,421.84,97.03
ORD-10109,2023-04-12,,Electronics,Smartphone,Consumer,6,328.35,0.1,1773.09,462.31
ORD-10110,2023-01-02,North,Electronics,Laptop,Consumer,7,144.88,0.0,1014.16,223.38
ORD-10111,2023-04-16,North,Office Supplies,Printer Paper,Home Office,9,36.5,0.0,328.5,69.77
ORD-10112,2024-11-20,East,Furniture,Sofa,Home Office,6,720.06,0.05,4104.34,997.66
ORD-10113,2023-01-12,Central,Office Supplies,Printer Paper,Consumer,4,58.6,0.1,210.96,65.72
ORD-10114,2024-08-16,East,Furniture,Desk,Corporate,3,452.28,0.1,1221.16,87.51
ORD-10115,2023-11-28,South,Electronics,Keyboard,Consumer,4,1023.18,0.05,3888.08,828.12
ORD-10116,2023-09-07,West,Electronics,Headphones,Corporate,3,737.38,0.05,2101.53,680.28
ORD-10117,2024-07-05,East,Electronics,Laptop,Corporate,2,873.2,0.0,1746.4,534.95
ORD-10118,2024-01-16,West,Office Supplies,Notebook,Corporate,2,20.1,0.15,34.17,1.8
ORD-10119,2024-11-06,South,Electronics,Smartphone,Home Office,9,558.33,0.05,4773.72,594.87
ORD-10120,2024-07-29,West,Furniture,Sofa,Consumer,1,311.12,0.15,264.45,77.14
ORD-10121,2024-09-11,West,Office Supplies,Folder,Corporate,1,15.41,0.0,15.41,2.86
ORD-10122,2024-11-21,South,Furniture,Sofa,Consumer,9,561.34,0.1,4546.85,1411.23
ORD-10123,2023-06-27,West,Office Supplies,Printer Paper,Home Office,7,42.87,0.0,300.09,31.96
ORD-10124,2023-12-24,North,Electronics,Headphones,Home Office,2,1175.43,0.1,2115.77,657.31
ORD-10125,2023-12-11,North,Furniture,Sofa,Consumer,5,540.75,0.05,2568.56,397.03
ORD-10126,2024-07-28,North,Electronics,Laptop,Consumer,9,1051.37,0.0,9462.33,2319.72
ORD-10127,2023-01-19,South,Furniture,Desk,Consumer,8,371.04,0.0,2968.32,726.41
ORD-10128,2024-12-11,East,Office Supplies,Folder,Consumer,6,23.65,0.0,141.9,32.78
ORD-10129,2023-01-03,South,Electronics,Headphones,Corporate,5,1101.37,0.0,5506.85,1233.82
ORD-10130,2023-12-09,West,Furniture,Desk,Home Office,5,665.02,0.15,2826.34,347.77
ORD-10131,2023-05-21,South,Furniture,Bookshelf,Corporate,3,235.15,0.05,670.18,51.53
ORD-10132,2024-08-11,East,Furniture,Chair,Home Office,7,177.89,0.0,1245.23,358.65
ORD-10133,2023-03-25,West,Furniture,Chair,Consumer,6,763.07,0.05,4349.5,991.95
ORD-10134,2024-01-13,South,Electronics,Keyboard,Consumer,3,322.4,0.15,822.12,206.7
ORD-10135,2024-03-14,North,Furniture,Lamp,Home Office,6,399.4,0.0,2396.4,581.35
ORD-10136,2024-10-11,Central,Electronics,Keyboard,Consumer,5,621.28,0.1,2795.76,511.11
ORD-10137,2024-04-03,East,Office Supplies,Printer Paper,Corporate,4,46.81,0.0,187.24,59.59
ORD-10138,2023-03-11,Central,Electronics,Monitor,Consumer,5,1006.64,0.0,5033.2,1146.78
ORD-10139,2023-02-27,West,Office Supplies,Pen Set,Corporate,4,27.89,0.0,111.56,24.4
ORD-10140,2023-10-14,South,Office Supplies,Notebook,Corporate,8,2.07,0.1,14.9,4.89
ORD-10141,2023-04-14,West,Furniture,Lamp,Consumer,2,435.93,0.1,784.67,242.78
ORD-10142,2024-05-14,West,Furniture,Lamp,Consumer,2,299.67,0.2,479.47,103.63
ORD-10143,2024-02-11,South,Furniture,Sofa,Home Office,5,637.57,0.0,3187.85,638.67
ORD-10144,2024-03-04,East,Office Supplies,Pen Set,Home Office,2,25.37,0.0,50.74,5.94
ORD-10145,2023-09-23,North,Electronics,Headphones,Consumer,6,1041.32,0.15,5310.73,771.43
ORD-10146,2024-10-14,Central,Electronics,Headphones,Corporate,4,632.02,0.05,2401.68,196.22
ORD-10147,2023-09-11,East,Furniture,Sofa,Home Office,2,633.38,0.05,1203.42,332.48
ORD-10148,2023-03-24,Central,Electronics,Smartphone,Consumer,1,950.1,0.05,902.6,315.02
ORD-10149,2023-08-09,Central,Furniture,Desk,Home Office,6,187.91,0.15,958.34,258.83
ORD-10150,2024-01-21,Central,Furniture,Bookshelf,Corporate,8,482.43,,3666.47,420.03
ORD-10151,2023-08-01,Central,Electronics,Headphones,Consumer,5,99.03,0.15,420.88,33.43
ORD-10152,2024-07-17,North,Furniture,Bookshelf,Consumer,1,389.18,0.2,311.34,89.07
ORD-10153,2024-07-25,South,Electronics,Laptop,Corporate,7,94.19,0.1,593.4,189.02
ORD-10154,2023-06-22,West,Office Supplies,Folder,Consumer,7,4.21,0.1,26.52,1.9
ORD-10155,2024-10-06,West,Electronics,Headphones,Home Office,3,1166.36,0.0,3499.08,278.24
ORD-10156,2023-11-16,North,Furniture,Sofa,Home Office,2,213.16,0.0,426.32,53.98
ORD-10157,2023-08-05,South,Furniture,Desk,Consumer,5,400.5,0.2,1602.0,330.38
ORD-10158,2024-06-05,South,Office Supplies,Notebook,Home Office,9,33.91,0.0,305.19,40.33
ORD-10159,2024-03-10,Central,Furniture,Chair,Home Office,9,280.86,0.05,2401.35,578.3
ORD-10160,2023-10-29,East,Furniture,Sofa,Corporate,2,244.69,0.0,489.38,125.08
ORD-10161,2024-04-07,Central,Office Supplies,Printer Paper,Corporate,6,31.48,0.05,179.44,46.06
ORD-10162,2023-05-08,South,Electronics,Headphones,Consumer,3,902.97,0.05,2573.46,746.36
ORD-10163,2023-10-29,East,Office Supplies,Stapler,Corporate,6,34.15,0.15,174.16,52.59
ORD-10164,2024-09-24,North,Furniture,Lamp,Home Office,3,679.9,0.2,1631.76,261.89
ORD-10165,2024-06-19,South,Furniture,Bookshelf,Consumer,6,41.43,0.0,248.58,25.95
ORD-10166,2024-08-05,Central,Electronics,Smartphone,Corporate,2,695.71,0.05,1321.85,304.88
ORD-10167,2023-11-15,Central,Furniture,Bookshelf,Corporate,3,199.48,0.05,568.52,53.57
ORD-10168,2023-05-26,North,Office Supplies,Printer Paper,Home Office,6,44.55,0.1,240.57,42.43
ORD-10169,2024-02-03,East,Furniture,Sofa,Home Office,2,486.7,0.0,973.4,253.16
ORD-10170,2024-12-10,Central,Electronics,Smartphone,Home Office,3,1131.78,0.0,3395.34,640.09
ORD-10171,2024-12-04,South,Electronics,Monitor,Corporate,9,887.13,0.0,7984.17,536.41
ORD-10172,2024-07-22,North,Office Supplies,Printer Paper,Consumer,7,18.37,0.0,128.59,41.39
ORD-10173,2023-07-01,North,Office Supplies,Pen Set,Consumer,4,51.48,0.1,185.33,40.51
ORD-10174,2024-06-02,East,Furniture,Desk,Home Office,8,339.02,0.0,2712.16,730.24
ORD-10175,2023-05-11,Central,Office Supplies,Pen Set,Consumer,9,37.29,0.0,335.61,19.0
ORD-10176,2023-11-23,North,Furniture,Chair,Consumer,7,347.02,0.1,2186.23,465.8
ORD-10177,2024-07-30,Central,Furniture,Lamp,Corporate,3,204.23,0.1,551.42,117.8
ORD-10178,2024-07-24,East,Furniture,Bookshelf,Home Office,4,298.23,0.1,1073.63,220.97
ORD-10179,2024-12-26,Central,Furniture,Bookshelf,Consumer,2,610.55,0.0,1221.1,231.01
ORD-10180,2023-08-15,North,Furniture,Sofa,Home Office,8,629.47,0.0,5035.76,393.85
ORD-10181,2024-04-29,South,Electronics,Laptop,Corporate,3,564.74,0.0,1694.22,540.72
ORD-10182,2023-08-08,West,Electronics,Keyboard,Home Office,3,410.14,0.15,1045.86,304.43
ORD-10183,2024-07-28,Central,Electronics,Keyboard,Corporate,7,779.87,0.0,5459.09,1397.85
ORD-10184,2024-10-27,East,Furniture,Lamp,Consumer,6,265.33,0.1,1432.78,206.76
ORD-10185,2024-04-01,East,Electronics,Headphones,Corporate,1,249.83,0.0,249.83,23.13
ORD-10186,2023-11-10,North,Office Supplies,Notebook,Consumer,1,16.73,0.0,16.73,4.23
ORD-10187,2023-06-05,West,Office Supplies,Notebook,Consumer,4,39.29,0.15,133.59,15.32
ORD-10188,2023-11-09,West,Electronics,Keyboard,Corporate,2,1089.15,,1960.47,612.19
ORD-10189,2023-12-20,Central,Furniture,Sofa,Corporate,4,782.37,0.0,3129.48,552.14
ORD-10190,2024-10-23,East,Electronics,Smartphone,Home Office,7,917.06,0.1,5777.48,1258.08
ORD-10191,2024-02-02,Central,Furniture,Lamp,Consumer,9,49.43,0.15,378.14,27.33
ORD-10192,2023-02-10,West,Office Supplies,Printer Paper,Corporate,7,53.75,0.05,357.44,107.75
ORD-10193,2024-07-29,Central,Furniture,Desk,Home Office,1,231.75,0.1,208.58,43.3
ORD-10194,2024-04-26,West,Electronics,Keyboard,Corporate,4,549.79,0.05,2089.2,484.96
ORD-10195,2024-10-30,West,Office Supplies,Printer Paper,Corporate,8,17.24,0.1,124.13,33.9
ORD-10196,2023-09-19,South,Furniture,Chair,Consumer,3,499.09,0.0,1497.27,511.26
ORD-10197,2024-02-28,Central,Furniture,Bookshelf,Consumer,8,44.18,0.0,353.44,29.13
ORD-10198,2024-12-04,East,Furniture,Desk,Corporate,9,341.73,0.15,2614.23,547.63
ORD-10199,2024-07-04,East,Electronics,Smartphone,Home Office,3,201.21,0.05,573.45,184.81
ORD-10200,2023-08-28,South,Electronics,Keyboard,Home Office,7,1147.14,0.1,7226.98,2159.97
ORD-10201,2024-10-19,North,Furniture,Sofa,Home Office,8,110.14,0.1,793.01,56.54
ORD-10202,2023-04-15,East,Furniture,Desk,Home Office,9,421.64,0.1,3415.28,1065.94
ORD-10203,2024-05-28,South,Electronics,Smartphone,Consumer,7,849.11,0.05,5646.58,356.42
ORD-10204,2023-08-11,West,Electronics,Laptop,Consumer,7,846.37,0.05,5628.36,1736.48
ORD-10205,2024-03-26,West,Office Supplies,Printer Paper,Home Office,9,53.6,0.0,482.4,80.99
ORD-10206,2024-10-29,Central,Electronics,Monitor,Consumer,2,447.76,0.1,805.97,122.65
ORD-10207,2024-07-29,West,Electronics,Headphones,Corporate,5,572.1,0.0,2860.5,981.83
ORD-10208,2024-10-27,East,Office Supplies,Stapler,Corporate,5,10.53,0.0,52.65,16.85
ORD-10209,2023-02-04,South,Office Supplies,Printer Paper,Consumer,4,57.75,0.0,231.0,78.82
ORD-10210,2024-05-03,South,Electronics,Keyboard,Consumer,2,926.19,0.0,1852.38,200.77
ORD-10211,2024-06-16,East,Office Supplies,Printer Paper,Consumer,2,27.75,0.05,52.72,8.99
ORD-10212,2023-04-14,South,Furniture,Chair,Home Office,1,340.3,0.1,306.27,98.64
ORD-10213,2023-09-24,West,Furniture,Lamp,Corporate,1,640.79,0.1,576.71,109.59
ORD-10214,2023-05-27,West,Furniture,Sofa,Corporate,1,325.25,0.05,308.99,56.35
ORD-10215,2024-05-13,East,Furniture,Chair,Consumer,4,349.76,0.15,1189.18,229.45
ORD-10216,2023-12-03,East,Electronics,Laptop,Home Office,7,1065.98,0.0,7461.86,1440.53
ORD-10217,2024-07-19,Central,Furniture,Desk,Corporate,3,597.12,0.2,1433.09,362.64
ORD-10218,2024-10-08,West,Office Supplies,Notebook,Consumer,8,2.33,0.1,16.78,4.15
ORD-10219,2023-07-13,South,Office Supplies,Notebook,Corporate,3,3.42,0.05,9.75,2.34
ORD-10220,2023-02-14,East,Electronics,Smartphone,Corporate,6,394.5,0.0,2367.0,170.12
ORD-10221,2024-05-22,East,Furniture,Bookshelf,Corporate,9,402.09,0.0,3618.81,217.49
ORD-10222,2023-10-08,South,Furniture,Chair,Corporate,2,461.54,0.0,923.08,243.86
ORD-10223,2023-01-22,Central,Furniture,Sofa,Home Office,2,246.27,0.0,492.54,117.65
ORD-10224,2024-08-13,South,Electronics,Laptop,Consumer,7,103.88,0.05,690.8,131.31
ORD-10225,2023-06-06,North,Office Supplies,Notebook,Home Office,4,20.17,0.2,64.54,21.49
ORD-10226,2024-07-21,North,Office Supplies,Folder,Corporate,9,55.95,0.1,453.2,23.25
ORD-10227,2023-01-13,West,Electronics,Laptop,Home Office,5,1143.39,0.05,5431.1,1305.1
ORD-10228,2024-05-16,North,Office Supplies,Printer Paper,Home Office,9,23.39,0.0,210.51,59.0
ORD-10229,2023-01-31,North,Furniture,Chair,Corporate,7,708.92,0.1,4466.2,618.97
ORD-10230,2023-10-01,West,Office Supplies,Printer Paper,Consumer,5,35.59,0.0,177.95,28.53
ORD-10231,2024-10-11,Central,Electronics,Monitor,Corporate,6,66.9,0.1,361.26,120.9
ORD-10232,2024-09-05,West,Electronics,Monitor,Consumer,6,583.71,0.1,3152.03,587.78
ORD-10233,2024-08-26,East,Furniture,Sofa,Corporate,2,625.32,0.0,1250.64,225.93
ORD-10234,2023-02-24,North,Furniture,Sofa,Corporate,7,471.75,0.15,2806.91,709.23
ORD-10235,2024-12-29,West,Electronics,Smartphone,Home Office,7,866.66,0.1,5459.96,1226.65
ORD-10236,2024-08-30,West,Furniture,Bookshelf,Corporate,9,211.29,0.1,1711.45,486.73
ORD-10237,2024-11-23,East,Office Supplies,Printer Paper,Home Office,6,21.57,0.05,122.95,38.98
ORD-10238,2023-01-05,North,Electronics,Smartphone,Corporate,5,397.2,0.2,1588.8,375.39
ORD-10239,2024-08-12,East,Furniture,Lamp,Corporate,1,405.81,0.0,405.81,141.42
ORD-10240,2024-05-06,West,Furniture,Chair,Home Office,9,349.07,0.0,3141.63,589.65
ORD-10241,2023-06-03,West,Furniture,Sofa,Home Office,5,309.83,0.2,1239.32,421.51
ORD-10242,2024-04-22,East,Office Supplies,Notebook,Home Office,6,46.29,0.1,249.97,75.15
ORD-10243,2023-06-05,Central,Furniture,Bookshelf,Corporate,6,684.51,0.05,3901.71,229.23
ORD-10244,2023-01-10,South,Electronics,Smartphone,Home Office,3,618.88,0.0,1856.64,512.95
ORD-10245,2024-08-25,South,Furniture,Chair,Consumer,4,468.7,0.15,1593.58,511.01
ORD-10246,2023-09-23,North,Office Supplies,Stapler,Consumer,8,10.59,0.0,84.72,28.39
ORD-10247,2024-10-22,South,Office Supplies,Printer Paper,Home Office,7,53.86,0.15,320.47,54.57
ORD-10248,2023-03-25,West,Office Supplies,Pen Set,Consumer,7,21.23,0.0,148.61,35.79
ORD-10249,2024-02-25,East,Electronics,Smartphone,Home Office,4,432.02,0.0,1728.08,540.48
ORD-10250,2023-10-06,Central,Electronics,Keyboard,Corporate,6,661.82,0.0,3970.92,1357.75
ORD-10251,2023-11-13,West,Office Supplies,Stapler,Corporate,7,26.12,0.1,164.56,52.46
ORD-10252,2023-07-25,West,Electronics,Smartphone,Home Office,8,303.56,0.1,2185.63,160.72
ORD-10253,2024-03-18,North,Furniture,Chair,Home Office,4,406.22,0.1,1462.39,130.13
ORD-10254,2023-07-10,West,Electronics,Smartphone,Consumer,7,1122.86,0.05,7467.02,2436.48
ORD-10255,2024-09-29,South,Electronics,Laptop,Home Office,4,109.68,0.2,350.98,107.74
ORD-10256,2023-06-24,North,Electronics,Laptop,Home Office,4,604.88,0.0,2419.52,139.26
ORD-10257,2023-09-27,West,Furniture,Lamp,Home Office,8,576.71,0.0,4613.68,929.37
ORD-10258,2024-06-08,East,Furniture,Bookshelf,Home Office,7,654.68,0.0,4582.76,1351.56
ORD-10259,2023-07-25,South,Office Supplies,Stapler,Home Office,1,41.09,0.05,39.04,5.32
ORD-10260,2024-02-05,Central,Furniture,Chair,Consumer,1,500.18,0.0,500.18,89.95
ORD-10261,2024-03-25,North,Furniture,Sofa,Consumer,7,597.45,0.05,3973.04,1093.71
ORD-10262,2023-12-04,North,Office Supplies,Pen Set,Consumer,2,58.67,0.2,93.87,7.88
ORD-10263,2024-04-18,East,Electronics,Laptop,Consumer,9,507.25,0.1,4108.73,982.85
ORD-10264,2023-06-03,Central,Office Supplies,Stapler,Home Office,3,7.34,0.1,19.82,4.85
ORD-10265,2023-05-14,South,Office Supplies,Stapler,Consumer,4,20.15,0.0,80.6,4.08
ORD-10266,2023-09-23,East,Electronics,Smartphone,Consumer,9,283.03,0.0,2547.27,606.88
ORD-10267,2023-05-17,South,Office Supplies,Notebook,Consumer,6,41.0,0.0,246.0,12.91
ORD-10268,2024-05-21,West,Electronics,Laptop,Home Office,3,347.52,0.05,990.43,231.75
ORD-10269,2023-07-31,Central,Electronics,Laptop,Home Office,1,107.52,0.0,107.52,14.11
ORD-10270,2023-03-02,South,Furniture,Bookshelf,Consumer,2,101.67,0.15,172.84,51.32
ORD-10271,2024-11-16,North,Office Supplies,Pen Set,Home Office,1,5.97,0.2,4.78,1.08
ORD-10272,2024-11-24,South,Electronics,Laptop,Home Office,6,572.5,0.05,3263.25,596.4
ORD-10273,2023-04-02,East,Furniture,Desk,Corporate,6,268.8,0.0,1612.8,182.26
ORD-10274,2023-05-01,Central,Electronics,Keyboard,Consumer,3,954.5,0.15,2433.98,621.98
ORD-10275,2023-07-15,North,Office Supplies,Pen Set,Consumer,7,52.61,0.0,368.27,107.83
ORD-10276,2023-06-26,North,Furniture,Desk,Consumer,3,338.48,0.0,1015.44,209.67
ORD-10277,2023-03-17,,Office Supplies,Stapler,Home Office,4,41.07,0.0,164.28,14.01
ORD-10278,2024-03-25,South,Electronics,Monitor,Corporate,3,235.57,0.0,706.71,110.45
ORD-10279,2024-12-13,East,Furniture,Sofa,Corporate,6,225.23,0.0,1351.38,456.71
ORD-10280,2023-06-24,East,Electronics,Laptop,Home Office,2,850.89,0.0,1701.78,364.19
ORD-10281,2023-08-27,Central,Electronics,Laptop,Consumer,7,437.79,0.0,3064.53,856.35
ORD-10282,2023-04-13,North,Electronics,Laptop,Corporate,5,961.67,0.0,4808.35,1271.29
ORD-10283,2023-03-14,North,Electronics,Keyboard,Corporate,9,1019.83,0.05,8719.55,1771.54
ORD-10284,2023-05-19,South,Electronics,Laptop,Home Office,6,373.01,0.0,2238.06,475.65
ORD-10285,2023-02-18,South,Electronics,Headphones,Consumer,3,974.39,0.0,2923.17,453.55
ORD-10286,2024-07-27,West,Office Supplies,Printer Paper,Home Office,2,2.49,,4.48,0.87
ORD-10287,2023-11-13,West,Office Supplies,Notebook,Consumer,7,45.6,,287.28,79.73
ORD-10288,2023-02-13,West,Electronics,Smartphone,Consumer,7,449.01,0.1,2828.76,509.03
ORD-10289,2024-04-14,West,Furniture,Desk,Corporate,8,581.71,0.0,4653.68,569.84
ORD-10290,2024-12-16,East,Furniture,Sofa,Home Office,3,484.35,0.15,1235.09,306.12
ORD-10291,2024-05-19,East,Office Supplies,Stapler,Corporate,5,49.9,0.1,224.55,25.96
ORD-10292,2024-03-12,West,Office Supplies,Printer Paper,Corporate,1,27.08,0.05,25.73,3.32
ORD-10293,2024-08-13,South,Electronics,Monitor,Corporate,7,543.33,0.2,3042.65,905.57
ORD-10294,2023-07-01,West,Electronics,Smartphone,Home Office,3,1123.61,0.2,2696.66,330.2
ORD-10295,2024-04-03,East,Office Supplies,Folder,Corporate,3,39.95,0.0,119.85,6.61
ORD-10296,2023-12-22,South,Office Supplies,Stapler,Home Office,3,25.34,0.05,72.22,25.08
ORD-10297,2023-03-15,North,Electronics,Smartphone,Home Office,5,1048.67,0.1,4719.02,900.32
ORD-10298,2023-04-23,North,Furniture,Sofa,Corporate,7,385.62,0.15,2294.44,190.48
ORD-10299,2023-12-09,North,Electronics,Smartphone,Consumer,7,130.27,0.05,866.3,89.93
ORD-10300,2024-12-21,West,Electronics,Headphones,Corporate,8,945.97,0.15,6432.6,2175.99
ORD-10301,2023-04-04,South,Electronics,Keyboard,Consumer,8,1008.86,0.0,8070.88,1841.98
ORD-10302,2024-12-21,Central,Office Supplies,Stapler,Home Office,8,44.77,0.15,304.44,26.66
ORD-10303,2024-04-09,Central,Office Supplies,Notebook,Corporate,1,27.25,0.1,24.52,7.79
ORD-10304,2023-04-08,South,Furniture,Sofa,Corporate,4,81.97,0.05,311.49,65.09
ORD-10305,2024-08-06,Central,Office Supplies,Stapler,Corporate,4,23.2,0.1,83.52,5.74
ORD-10306,2023-08-11,East,Furniture,Desk,Corporate,8,144.23,,1153.84,165.58
ORD-10307,2023-12-09,South,Electronics,Laptop,Consumer,6,872.46,0.1,4711.28,1047.25
ORD-10308,2024-02-03,North,Furniture,Lamp,Consumer,9,52.03,0.05,444.86,86.73
ORD-10309,2023-08-15,East,Furniture,Sofa,Consumer,1,726.51,0.0,726.51,160.06
ORD-10310,2024-08-29,West,Furniture,Sofa,Home Office,6,603.62,0.15,3078.46,306.59
ORD-10311,2024-12-20,North,Furniture,Lamp,Corporate,1,646.28,0.1,581.65,129.11
ORD-10312,2023-05-07,South,Electronics,Keyboard,Home Office,2,727.27,0.0,1454.54,237.03
ORD-10313,2023-09-30,East,Furniture,Desk,Consumer,7,503.56,0.0,3524.92,993.16
ORD-10314,2024-12-22,Central,Office Supplies,Notebook,Corporate,5,11.9,0.1,53.55,3.41
ORD-10315,2023-05-23,South,Electronics,Monitor,Home Office,9,191.91,0.05,1640.83,495.13
ORD-10316,2023-04-08,North,Electronics,Monitor,Consumer,1,178.33,0.1,160.5,17.65
ORD-10317,2023-09-30,Central,Electronics,Headphones,Consumer,2,700.65,0.0,1401.3,385.12
ORD-10318,2023-08-15,North,Office Supplies,Stapler,Consumer,1,56.13,0.1,50.52,5.44
ORD-10319,2023-10-20,West,Office Supplies,Printer Paper,Corporate,4,57.87,0.1,208.33,44.35
ORD-10320,2023-03-24,East,Furniture,Sofa,Corporate,2,376.53,0.2,602.45,127.9
ORD-10321,2024-01-05,East,Furniture,Sofa,Consumer,7,579.7,0.2,3246.32,597.37
ORD-10322,2024-05-24,,Furniture,Desk,Corporate,8,247.51,0.15,1683.07,466.4
ORD-10323,2024-04-04,West,Electronics,Keyboard,Corporate,7,874.69,0.0,6122.83,855.1
ORD-10324,2024-07-31,South,Furniture,Bookshelf,Consumer,1,671.52,0.0,671.52,171.0
ORD-10325,2023-10-29,North,Electronics,Keyboard,Corporate,7,678.7,0.1,4275.81,1408.74
ORD-10326,2024-10-24,South,Office Supplies,Pen Set,Consumer,5,16.73,0.0,83.65,6.08
ORD-10327,2023-07-16,South,Electronics,Smartphone,Consumer,7,854.66,0.0,5982.62,1318.52
ORD-10328,2024-03-13,South,Furniture,Chair,Consumer,9,149.67,0.1,1212.33,227.16
ORD-10329,2023-07-10,Central,Furniture,Desk,Home Office,8,402.79,0.0,3222.32,211.18
ORD-10330,2023-06-15,East,Electronics,Keyboard,Corporate,1,260.07,,260.07,28.94
ORD-10331,2024-07-23,South,Electronics,Laptop,Corporate,2,1127.68,0.2,1804.29,394.52
ORD-10332,2024-01-19,East,Office Supplies,Stapler,Home Office,4,22.57,0.1,81.25,26.98
ORD-10333,2024-01-16,South,Electronics,Smartphone,Consumer,5,560.73,0.0,2803.65,472.63
ORD-10334,2023-07-09,West,Electronics,Headphones,Consumer,9,866.63,0.0,7799.67,2347.31
ORD-10335,2023-04-13,North,Furniture,Lamp,Home Office,5,279.27,0.05,1326.53,357.43
ORD-10336,2024-03-28,Central,Furniture,Desk,Corporate,2,623.78,0.0,1247.56,267.28
ORD-10337,2023-01-06,South,Office Supplies,Stapler,Home Office,1,20.81,0.1,18.73,2.88
ORD-10338,2024-06-17,East,Electronics,Monitor,Consumer,7,1188.88,0.05,7906.05,1417.52
ORD-10339,2024-12-14,Central,Office Supplies,Folder,Home Office,2,47.02,0.0,94.04,16.5
ORD-10340,2024-05-08,North,Furniture,Chair,Corporate,5,295.07,0.15,1254.05,429.4
ORD-10341,2024-07-29,North,Furniture,Sofa,Corporate,3,202.41,0.0,607.23,35.58
ORD-10342,2023-12-30,West,Office Supplies,Pen Set,Consumer,8,5.59,0.2,35.78,5.81
ORD-10343,2023-01-12,North,Electronics,Smartphone,Home Office,5,307.97,0.0,1539.85,166.27
ORD-10344,2024-09-04,Central,Furniture,Desk,Consumer,4,294.14,0.0,1176.56,260.72
ORD-10345,2023-10-12,South,Electronics,Monitor,Corporate,3,194.4,0.1,524.88,56.7
ORD-10346,2024-06-17,North,Office Supplies,Printer Paper,Home Office,9,52.76,0.0,474.84,101.46
ORD-10347,2024-09-29,South,Office Supplies,Folder,Consumer,7,27.78,0.0,194.46,19.59
ORD-10348,2023-07-08,Central,Office Supplies,Stapler,Corporate,8,37.89,0.05,287.96,87.88
ORD-10349,2023-04-17,Central,Electronics,Smartphone,Home Office,1,68.63,0.05,65.2,7.07
ORD-10350,2024-12-11,West,Furniture,Desk,Home Office,3,784.16,0.0,2352.48,595.05
ORD-10351,2024-10-17,West,Furniture,Sofa,Corporate,8,53.97,0.0,431.76,107.22
ORD-10352,2023-09-03,West,Electronics,Laptop,Corporate,9,101.75,0.2,732.6,109.59
ORD-10353,2024-05-19,West,Furniture,Sofa,Corporate,2,456.59,0.1,821.86,279.1
ORD-10354,2023-06-05,South,Electronics,Keyboard,Corporate,6,153.36,0.0,920.16,243.3
ORD-10355,2023-12-22,Central,Electronics,Laptop,Corporate,5,718.37,0.1,3232.66,776.21
ORD-10356,2024-12-10,Central,Electronics,Keyboard,Home Office,6,195.21,0.2,937.01,229.51
ORD-10357,2024-09-07,North,Office Supplies,Stapler,Consumer,6,16.76,0.0,100.56,29.62
ORD-10358,2024-10-06,North,Electronics,Keyboard,Home Office,9,486.98,0.0,4382.82,850.33
ORD-10359,2024-07-19,South,Office Supplies,Folder,Home Office,5,20.56,0.0,102.8,17.56
ORD-10360,2023-01-29,East,Office Supplies,Notebook,Home Office,4,35.21,0.1,126.76,39.53
ORD-10361,2024-11-15,Central,Office Supplies,Folder,Consumer,6,37.79,0.0,226.74,26.71
ORD-10362,2024-09-18,Central,Furniture,Bookshelf,Consumer,7,83.34,0.0,583.38,140.79
ORD-10363,2024-03-02,North,Office Supplies,Printer Paper,Corporate,4,33.6,0.1,120.96,19.29
ORD-10364,2024-10-27,East,Furniture,Sofa,Home Office,9,55.91,0.2,402.55,120.75
ORD-10365,2023-09-17,South,Office Supplies,Notebook,Home Office,2,47.82,0.05,90.86,30.96
ORD-10366,2024-04-11,East,Electronics,Monitor,Corporate,4,624.2,0.05,2371.96,200.53
ORD-10367,2024-09-09,West,Office Supplies,Folder,Corporate,6,56.55,0.0,339.3,37.08
ORD-10368,2024-05-10,East,Electronics,Headphones,Consumer,1,195.85,0.1,176.26,45.73
ORD-10369,2023-06-27,East,Electronics,Keyboard,Consumer,9,342.4,0.0,3081.6,428.03
ORD-10370,2023-07-06,Central,Office Supplies,Printer Paper,Consumer,9,29.26,0.15,223.84,16.58
ORD-10371,2023-08-10,Central,Furniture,Desk,Home Office,7,134.5,0.0,941.5,158.4
ORD-10372,2023-01-19,Central,Electronics,Headphones,Corporate,6,823.09,0.1,4444.69,678.06
ORD-10373,2024-06-24,Central,Electronics,Smartphone,Home Office,2,751.93,0.05,1428.67,458.2
ORD-10374,2023-12-30,East,Office Supplies,Pen Set,Home Office,6,48.39,0.0,290.34,95.99
ORD-10375,2023-03-26,West,Office Supplies,Stapler,Home Office,5,12.72,0.1,57.24,15.98
ORD-10376,2023-05-03,East,Office Supplies,Stapler,Corporate,6,4.97,0.05,28.33,5.52
ORD-10377,2023-12-06,East,Office Supplies,Printer Paper,Consumer,3,32.19,0.15,82.08,17.84
ORD-10378,2023-01-15,North,Office Supplies,Pen Set,Corporate,8,4.64,0.0,37.12,2.72
ORD-10379,2024-10-27,West,Furniture,Chair,Consumer,9,564.95,0.0,5084.55,837.13
ORD-10380,2024-03-19,West,Office Supplies,Notebook,Home Office,4,25.99,0.05,98.76,5.6
ORD-10381,2024-06-01,Central,Office Supplies,Folder,Consumer,2,48.26,0.05,91.69,7.68
ORD-10382,2023-04-24,East,Office Supplies,Notebook,Home Office,6,52.71,0.1,284.63,56.06
ORD-10383,2024-12-26,South,Office Supplies,Stapler,Home Office,4,23.58,0.15,80.17,5.44
ORD-10384,2024-04-27,West,Furniture,Lamp,Corporate,8,520.93,0.0,4167.44,1395.18
ORD-10385,2024-05-03,East,Electronics,Smartphone,Home Office,7,531.15,0.0,3718.05,917.51
ORD-10386,2024-04-10,South,Office Supplies,Stapler,Home Office,9,17.15,0.1,138.92,24.13
ORD-10387,2024-08-11,Central,Electronics,Monitor,Corporate,9,531.96,0.0,4787.64,836.18
ORD-10388,2023-03-16,East,Furniture,Desk,Home Office,1,86.29,0.0,86.29,7.56
ORD-10389,2023-06-02,West,Electronics,Laptop,Corporate,3,713.68,0.15,1819.88,424.93
ORD-10390,2023-02-11,South,Office Supplies,Notebook,Home Office,5,36.45,0.05,173.14,40.62
ORD-10391,2023-01-10,West,Furniture,Chair,Corporate,4,344.24,0.1,1239.26,310.64
ORD-10392,2023-09-29,North,Office Supplies,Stapler,Consumer,2,40.46,0.15,68.78,3.83
ORD-10393,2024-09-08,Central,Office Supplies,Notebook,Home Office,8,51.83,0.05,393.91,61.83
ORD-10394,2023-07-18,Central,Furniture,Sofa,Home Office,9,324.2,0.0,2917.8,433.49
ORD-10395,2024-10-26,,Electronics,Headphones,Corporate,6,885.03,0.0,5310.18,1278.8
ORD-10396,2024-01-02,West,Furniture,Chair,Home Office,1,721.72,0.1,649.55,157.5
ORD-10397,2023-05-24,South,Office Supplies,Stapler,Home Office,2,51.8,0.0,103.6,33.52
ORD-10398,2023-05-06,East,Electronics,Laptop,Corporate,6,330.11,0.0,1980.66,363.69
ORD-10399,2023-08-10,West,Office Supplies,Stapler,Corporate,8,42.89,0.1,308.81,38.82
ORD-10400,2024-09-07,North,Office Supplies,Stapler,Home Office,5,13.28,0.1,59.76,10.19
ORD-10401,2023-07-28,East,Office Supplies,Folder,Home Office,1,40.92,0.0,40.92,3.76
ORD-10402,2024-05-12,South,Office Supplies,Stapler,Home Office,9,56.64,0.0,509.76,174.99
ORD-10403,2023-01-01,North,Furniture,Sofa,Consumer,9,374.91,0.0,3374.19,1163.49
ORD-10404,2024-08-23,West,Furniture,Lamp,Consumer,2,661.39,0.1,1190.5,209.16
ORD-10405,2023-05-10,North,Electronics,Headphones,Home Office,3,1022.5,0.0,3067.5,341.33
ORD-10406,2023-09-22,South,Office Supplies,Printer Paper,Home Office,7,52.82,0.2,295.79,52.99
ORD-10407,2023-03-23,East,Office Supplies,Stapler,Consumer,6,4.06,0.0,24.36,2.92
ORD-10408,2024-09-16,Central,Electronics,Headphones,Consumer,2,560.81,0.15,953.38,50.5
ORD-10409,2023-03-12,South,Furniture,Desk,Consumer,5,342.97,0.05,1629.11,501.16
ORD-10410,2024-11-26,East,Office Supplies,Printer Paper,Corporate,7,9.95,0.0,69.65,15.09
ORD-10411,2023-10-13,West,Electronics,Smartphone,Corporate,2,616.9,0.0,1233.8,172.02
ORD-10412,2023-04-20,East,Furniture,Bookshelf,Consumer,4,731.17,0.15,2485.98,212.8
ORD-10413,2024-06-11,South,Office Supplies,Folder,Consumer,7,2.83,0.2,15.85,3.67
ORD-10414,2024-03-27,South,Furniture,Bookshelf,Corporate,6,379.87,0.1,2051.3,499.82
ORD-10415,2023-07-17,Central,Office Supplies,Pen Set,Consumer,1,57.43,0.0,57.43,5.96
ORD-10416,2023-05-10,North,Office Supplies,Pen Set,Home Office,3,29.73,0.1,80.27,8.64
ORD-10417,2024-10-24,South,Office Supplies,Stapler,Home Office,4,21.42,0.1,77.11,12.09
ORD-10418,2023-05-06,South,Electronics,Laptop,Home Office,8,323.11,0.05,2455.64,510.34
ORD-10419,2024-05-08,South,Office Supplies,Pen Set,Corporate,9,25.96,0.1,210.28,12.11
ORD-10420,2023-03-15,East,Electronics,Keyboard,Consumer,8,494.83,0.05,3760.71,449.33
ORD-10421,2023-11-14,North,Electronics,Monitor,Consumer,5,235.95,0.05,1120.76,353.42
ORD-10422,2023-10-01,Central,Furniture,Sofa,Consumer,4,322.78,0.2,1032.9,280.31
ORD-10423,2023-09-22,West,Electronics,Smartphone,Consumer,1,1053.52,0.05,1000.84,196.88
ORD-10424,2023-09-30,North,Electronics,Monitor,Home Office,8,883.88,0.1,6363.94,2114.72
ORD-10425,2024-02-12,North,Electronics,Laptop,Consumer,7,512.16,0.0,3585.12,861.95
ORD-10426,2024-10-27,South,Furniture,Chair,Consumer,2,204.18,0.05,387.94,74.69
ORD-10427,2024-08-12,West,Furniture,Desk,Corporate,9,365.86,0.0,3292.74,494.23
ORD-10428,2023-05-10,West,Office Supplies,Stapler,Corporate,6,19.95,0.05,113.71,11.77
ORD-10429,2023-09-03,East,Furniture,Lamp,Home Office,5,483.78,0.0,2418.9,684.64
ORD-10430,2023-07-11,Central,Office Supplies,Pen Set,Home Office,6,10.15,0.0,60.9,3.8
ORD-10431,2024-09-09,South,Electronics,Smartphone,Corporate,1,656.73,0.0,656.73,92.49
ORD-10432,2024-05-30,South,Furniture,Lamp,Corporate,3,722.75,0.2,1734.6,483.37
ORD-10433,2023-11-03,West,Office Supplies,Notebook,Consumer,4,9.91,0.0,39.64,11.56
ORD-10434,2024-04-04,Central,Electronics,Headphones,Corporate,8,691.9,0.0,5535.2,754.8
ORD-10435,2024-12-01,South,Furniture,Sofa,Home Office,6,77.74,0.05,443.12,33.51
ORD-10436,2023-02-26,East,Furniture,Chair,Corporate,9,120.68,0.1,977.51,67.04
ORD-10437,2023-02-26,North,Furniture,Lamp,Consumer,4,116.43,0.05,442.43,98.79
ORD-10438,2023-03-29,Central,Electronics,Monitor,Corporate,4,514.88,0.05,1956.54,264.88
ORD-10439,2023-07-29,South,Electronics,Smartphone,Home Office,2,354.99,0.0,709.98,138.94
ORD-10440,2024-02-18,East,Furniture,Lamp,Consumer,2,431.63,0.0,863.26,292.74
ORD-10441,2023-09-15,South,Office Supplies,Folder,Corporate,9,35.74,0.05,305.58,95.94
ORD-10442,2023-06-18,South,Electronics,Headphones,Home Office,4,820.22,0.1,2952.79,567.67
ORD-10443,2024-02-25,Central,Office Supplies,Folder,Consumer,7,14.13,0.2,79.13,12.07
ORD-10444,2024-11-01,North,Electronics,Headphones,Corporate,5,989.15,0.2,3956.6,658.35
ORD-10445,2023-08-14,Central,Electronics,Headphones,Corporate,1,467.91,0.0,467.91,111.48
ORD-10446,2024-11-13,Central,Electronics,Keyboard,Home Office,2,328.6,0.0,657.2,99.66
ORD-10447,2023-04-11,Central,Office Supplies,Notebook,Consumer,7,14.69,0.0,102.83,23.44
ORD-10448,2024-03-09,South,Office Supplies,Printer Paper,Consumer,1,40.5,0.0,40.5,2.72
ORD-10449,2023-03-31,North,Electronics,Monitor,Home Office,8,522.34,0.0,4178.72,1208.56
ORD-10450,2024-07-13,South,Office Supplies,Stapler,Home Office,4,35.76,0.2,114.43,15.85
ORD-10451,2024-01-04,North,Furniture,Desk,Corporate,8,92.25,0.1,664.2,207.37
ORD-10452,2023-03-25,Central,Office Supplies,Printer Paper,Consumer,2,51.76,0.0,103.52,21.11
ORD-10453,2023-10-27,West,Office Supplies,Notebook,Consumer,9,21.9,0.0,197.1,62.55
ORD-10454,2024-03-19,North,Office Supplies,Folder,Consumer,9,4.28,0.0,38.52,2.15
ORD-10455,2023-10-23,East,Furniture,Bookshelf,Corporate,1,619.04,0.2,495.23,62.03
ORD-10456,2023-03-12,Central,Furniture,Bookshelf,Home Office,6,747.56,0.0,4485.36,1514.53
ORD-10457,2024-12-10,East,Electronics,Keyboard,Consumer,9,1198.61,0.05,10248.12,2756.75
ORD-10458,2024-03-11,Central,Electronics,Headphones,Home Office,1,869.81,0.2,695.85,36.08
ORD-10459,2023-04-28,South,Office Supplies,Pen Set,Home Office,4,16.94,0.1,60.98,6.95
ORD-10460,2023-03-22,Central,Office Supplies,Printer Paper,Corporate,9,51.01,0.0,459.09,37.24
ORD-10461,2024-12-23,East,Furniture,Chair,Home Office,9,720.75,0.1,5838.08,1139.9
ORD-10462,2023-07-30,West,Electronics,Monitor,Consumer,7,265.63,0.05,1766.44,324.42
ORD-10463,2024-06-13,Central,Office Supplies,Notebook,Corporate,7,43.64,0.0,305.48,27.32
ORD-10464,2024-12-13,East,Furniture,Bookshelf,Corporate,4,304.52,0.0,1218.08,385.77
ORD-10465,2023-06-08,Central,Office Supplies,Printer Paper,Corporate,7,10.06,0.0,70.42,13.89
ORD-10466,2023-12-24,South,Office Supplies,Pen Set,Corporate,7,47.61,0.1,299.94,79.42
ORD-10467,2023-04-29,Central,Furniture,Desk,Corporate,6,340.52,0.15,1736.65,326.66
ORD-10468,2023-03-15,Central,Office Supplies,Stapler,Consumer,4,33.6,0.0,134.4,35.56
ORD-10469,2024-12-17,West,Office Supplies,Folder,Home Office,6,19.59,0.0,117.54,15.32
ORD-10470,2023-05-21,West,Office Supplies,Notebook,Consumer,4,2.57,0.0,10.28,1.06
ORD-10471,2023-04-17,East,Office Supplies,Stapler,Corporate,9,51.4,0.0,462.6,102.09
ORD-10472,2023-02-26,East,Furniture,Lamp,Home Office,5,433.89,0.05,2060.98,493.64
ORD-10473,2024-08-09,South,Electronics,Keyboard,Corporate,2,259.03,0.05,492.16,106.4
ORD-10474,2023-11-22,South,Electronics,Smartphone,Corporate,8,772.67,0.05,5872.29,1432.38
ORD-10475,2023-06-15,Central,Furniture,Lamp,Corporate,2,265.37,0.0,530.74,42.97
ORD-10476,2024-05-28,North,Furniture,Lamp,Home Office,4,371.11,0.1,1336.0,96.97
ORD-10477,2023-05-08,Central,Office Supplies,Pen Set,Home Office,3,37.4,0.1,100.98,13.38
ORD-10478,2023-01-03,East,Electronics,Monitor,Consumer,7,1197.93,0.2,6708.41,2298.84
ORD-10479,2023-12-04,East,Office Supplies,Notebook,Home Office,6,54.89,0.05,312.87,35.6
ORD-10480,2024-05-23,North,Furniture,Lamp,Corporate,2,636.05,0.0,1272.1,264.08
ORD-10481,2024-11-19,Central,Office Supplies,Pen Set,Corporate,8,42.57,0.0,340.56,85.17
ORD-10482,2023-09-16,East,Office Supplies,Folder,Consumer,6,31.06,0.15,158.41,49.6
ORD-10483,2024-04-30,Central,Electronics,Smartphone,Corporate,9,746.62,0.0,6719.58,1861.28
ORD-10484,2023-03-25,North,Electronics,Keyboard,Consumer,5,70.12,0.0,350.6,54.3
ORD-10485,2024-08-24,North,Electronics,Smartphone,Home Office,7,1014.16,0.1,6389.21,863.43
ORD-10486,2023-03-14,North,Electronics,Smartphone,Home Office,3,772.6,0.1,2086.02,306.01
ORD-10487,2023-03-23,West,Office Supplies,Pen Set,Corporate,1,18.6,0.0,18.6,3.34
ORD-10488,2023-04-15,East,Office Supplies,Stapler,Corporate,8,30.05,0.0,240.4,66.76
ORD-10489,2023-01-16,East,Office Supplies,Notebook,Corporate,1,22.35,0.1,20.12,2.87
ORD-10490,2024-01-29,South,Office Supplies,Pen Set,Home Office,7,50.32,0.2,281.79,36.55
ORD-10491,2024-08-13,West,Furniture,Chair,Corporate,8,184.57,0.0,1476.56,436.31
ORD-10492,2024-08-14,North,Furniture,Bookshelf,Consumer,4,139.04,0.15,472.74,100.93
ORD-10493,2024-04-10,South,Furniture,Chair,Corporate,7,205.91,0.0,1441.37,146.53
ORD-10494,2023-08-31,Central,Electronics,Laptop,Corporate,3,845.54,0.0,2536.62,227.13
ORD-10495,2023-10-24,Central,Office Supplies,Stapler,Corporate,7,26.95,0.0,188.65,41.89
ORD-10496,2023-06-20,Central,Electronics,Keyboard,Corporate,9,898.05,0.0,8082.45,413.1
ORD-10497,2024-01-25,Central,Furniture,Lamp,Corporate,3,112.62,0.05,320.97,73.44
ORD-10498,2024-12-22,South,Furniture,Sofa,Consumer,1,98.36,0.2,78.69,25.55
ORD-10499,2024-01-09,North,Electronics,Keyboard,Corporate,3,238.29,0.0,714.87,91.65
ORD-10500,2024-05-29,North,Furniture,Sofa,Home Office,9,789.49,0.0,7105.41,661.42
ORD-10501,2023-02-16,Central,Furniture,Desk,Corporate,8,88.02,0.0,704.16,111.51
ORD-10502,2024-03-29,Central,Furniture,Bookshelf,Home Office,1,660.2,0.15,561.17,97.24
ORD-10503,2024-10-19,West,Electronics,Monitor,Corporate,8,790.28,0.15,5373.9,1814.9
ORD-10504,2023-10-02,East,Electronics,Smartphone,Home Office,3,1137.32,0.05,3241.36,169.33
ORD-10505,2023-08-17,South,Office Supplies,Notebook,Consumer,5,35.54,0.0,177.7,55.11
ORD-10506,2023-01-18,,Furniture,Lamp,Consumer,6,404.94,0.0,2429.64,754.86
ORD-10507,2024-10-19,West,Office Supplies,Notebook,Corporate,6,16.52,0.05,94.16,18.46
ORD-10508,2024-07-16,North,Office Supplies,Pen Set,Consumer,9,19.54,0.0,175.86,30.23
ORD-10509,2023-02-03,South,Office Supplies,Stapler,Home Office,3,35.98,0.05,102.54,14.55
ORD-10510,2023-05-01,Central,Furniture,Sofa,Consumer,9,507.02,0.0,4563.18,568.05
ORD-10511,2023-12-22,Central,Office Supplies,Pen Set,Home Office,9,13.99,0.0,125.91,39.51
ORD-10512,2024-10-25,East,Office Supplies,Pen Set,Corporate,1,45.04,0.0,45.04,10.81
ORD-10513,2023-05-29,Central,Electronics,Laptop,Home Office,4,1139.23,0.0,4556.92,1147.0
ORD-10514,2023-03-17,South,Office Supplies,Printer Paper,Corporate,5,18.77,0.0,93.85,8.91
ORD-10515,2024-08-28,East,Furniture,Lamp,Home Office,3,235.91,0.0,707.73,162.64
ORD-10516,2023-12-07,Central,Electronics,Monitor,Corporate,6,817.43,0.0,4904.58,1450.63
ORD-10517,2024-07-13,East,Electronics,Laptop,Home Office,9,646.12,0.15,4942.82,1459.85
ORD-10518,2024-04-16,South,Furniture,Chair,Corporate,9,265.64,0.0,2390.76,184.61
ORD-10519,2024-10-10,Central,Furniture,Desk,Home Office,5,569.53,0.0,2847.65,752.06
ORD-10520,2024-05-30,West,Furniture,Lamp,Home Office,7,162.25,0.15,965.39,216.63
ORD-10521,2023-10-06,North,Electronics,Smartphone,Corporate,7,666.04,0.0,4662.28,1359.71
ORD-10522,2024-05-02,North,Furniture,Chair,Consumer,8,737.51,0.05,5605.08,841.96
ORD-10523,2024-06-06,Central,Office Supplies,Pen Set,Consumer,3,42.0,0.05,119.7,25.8
ORD-10524,2024-11-20,North,Office Supplies,Printer Paper,Consumer,9,44.4,0.1,359.64,20.26
ORD-10525,2024-07-20,Central,Electronics,Keyboard,Corporate,6,720.94,0.0,4325.64,1281.58
ORD-10526,2024-09-09,South,Electronics,Monitor,Consumer,4,720.77,0.05,2738.93,358.59
ORD-10527,2023-11-16,East,Furniture,Desk,Corporate,1,42.98,0.1,38.68,7.85
ORD-10528,2024-02-19,Central,Office Supplies,Folder,Home Office,4,20.18,0.0,80.72,13.98
ORD-10529,2024-08-24,West,Office Supplies,Stapler,Corporate,7,47.42,0.0,331.94,19.33
ORD-10530,2024-01-30,West,Office Supplies,Printer Paper,Home Office,7,12.87,0.0,90.09,24.66
ORD-10531,2023-05-29,Central,Furniture,Lamp,Corporate,5,195.59,0.0,977.95,64.4
ORD-10532,2024-07-08,East,Office Supplies,Pen Set,Consumer,7,31.45,0.0,220.15,36.73
ORD-10533,2023-11-22,South,Office Supplies,Stapler,Consumer,6,59.99,0.0,359.94,44.28
ORD-10534,2024-10-29,South,Office Supplies,Folder,Home Office,2,56.98,0.0,113.96,32.67
ORD-10535,2023-11-05,Central,Office Supplies,Printer Paper,Consumer,9,23.26,0.1,188.41,29.86
ORD-10536,2024-04-20,South,Office Supplies,Folder,Corporate,7,24.63,0.05,163.79,8.38
ORD-10537,2023-09-07,East,Office Supplies,Printer Paper,Home Office,2,14.5,0.05,27.55,7.5
ORD-10538,2023-06-22,West,Furniture,Chair,Corporate,8,392.5,0.0,3140.0,523.09
ORD-10539,2024-09-26,South,Office Supplies,Notebook,Home Office,2,58.54,0.0,117.08,36.19
ORD-10540,2024-01-14,North,Furniture,Desk,Home Office,7,457.55,0.1,2882.56,681.96
ORD-10541,2023-05-07,East,Electronics,Smartphone,Consumer,5,870.65,0.0,4353.25,916.97
ORD-10542,2023-03-28,Central,Office Supplies,Pen Set,Corporate,7,22.31,,140.55,22.7
ORD-10543,2023-08-23,Central,Office Supplies,Notebook,Home Office,1,36.86,0.15,31.33,6.11
ORD-10544,2024-03-19,Central,Electronics,Keyboard,Consumer,3,411.75,0.05,1173.49,250.8
ORD-10545,2024-06-05,North,Electronics,Laptop,Home Office,9,834.99,0.1,6763.42,1429.98
ORD-10546,2023-12-26,Central,Electronics,Monitor,Corporate,6,814.54,0.15,4154.15,728.27
ORD-10547,2024-03-15,Central,Electronics,Headphones,Home Office,7,251.63,0.2,1409.13,479.85
ORD-10548,2023-11-29,North,Office Supplies,Printer Paper,Consumer,8,16.9,0.05,128.44,38.41
ORD-10549,2023-09-27,Central,Office Supplies,Notebook,Home Office,6,58.14,0.1,313.96,65.62
ORD-10550,2024-02-26,Central,Office Supplies,Folder,Home Office,1,25.99,0.1,23.39,8.12
ORD-10551,2023-05-16,South,Office Supplies,Printer Paper,Consumer,4,13.8,0.2,44.16,10.96
ORD-10552,2024-07-03,North,Electronics,Keyboard,Corporate,9,289.52,0.0,2605.68,822.81
ORD-10553,2023-08-12,West,Furniture,Desk,Home Office,9,295.62,0.0,2660.58,889.35
ORD-10554,2023-03-27,South,Office Supplies,Stapler,Consumer,5,34.6,0.0,173.0,58.18
ORD-10555,2023-07-11,East,Office Supplies,Printer Paper,Corporate,8,58.19,0.05,442.24,60.34
ORD-10556,2023-04-23,Central,Furniture,Chair,Home Office,1,560.75,0.2,448.6,87.94
ORD-10557,2023-08-07,North,Office Supplies,Stapler,Home Office,9,39.56,0.1,320.44,104.91
ORD-10558,2023-07-23,East,Electronics,Smartphone,Corporate,8,463.76,0.0,3710.08,733.56
ORD-10559,2024-01-31,North,Electronics,Headphones,Consumer,9,1160.92,0.0,10448.28,2165.87
ORD-10560,2023-01-11,East,Electronics,Monitor,Home Office,3,379.78,0.1,1025.41,67.37
ORD-10561,2024-03-30,Central,Office Supplies,Folder,Home Office,7,11.03,0.1,69.49,13.31
ORD-10562,2024-08-15,West,Electronics,Monitor,Home Office,9,142.02,,1022.54,335.25
ORD-10563,2024-09-06,Central,Office Supplies,Stapler,Home Office,1,12.93,0.05,12.28,1.85
ORD-10564,2023-05-07,South,Electronics,Smartphone,Corporate,4,558.38,0.0,2233.52,285.02
ORD-10565,2024-02-05,West,Office Supplies,Folder,Consumer,2,37.26,0.05,70.79,6.83
ORD-10566,2024-12-17,North,Furniture,Lamp,Corporate,4,44.46,0.1,160.06,54.81
ORD-10567,2024-02-17,East,Office Supplies,Notebook,Consumer,6,31.11,0.05,177.33,33.91
ORD-10568,2024-02-15,East,Electronics,Smartphone,Home Office,1,605.31,0.05,575.04,123.75
ORD-10569,2024-11-27,South,Electronics,Headphones,Corporate,7,198.42,0.15,1180.6,329.66
ORD-10570,2024-01-25,North,Furniture,Chair,Consumer,6,192.67,0.05,1098.22,214.73
ORD-10571,2024-07-01,East,Furniture,Sofa,Corporate,1,372.96,0.2,298.37,99.76
ORD-10572,2023-10-14,North,Office Supplies,Folder,Corporate,6,48.06,0.15,245.11,31.94
ORD-10573,2023-05-18,South,Furniture,Chair,Corporate,8,697.4,0.05,5300.24,1196.1
ORD-10574,2024-08-28,East,Furniture,Lamp,Consumer,4,375.81,0.1,1352.92,191.75
ORD-10575,2024-02-08,North,Furniture,Chair,Corporate,7,71.65,0.15,426.32,102.37
ORD-10576,2023-12-02,North,Furniture,Chair,Home Office,6,275.12,0.0,1650.72,256.71
ORD-10577,2023-07-06,South,Furniture,Sofa,Corporate,1,406.54,0.0,406.54,118.98
ORD-10578,2023-11-04,South,Office Supplies,Notebook,Corporate,4,33.61,0.0,134.44,20.4
ORD-10579,2023-05-26,North,Furniture,Bookshelf,Corporate,5,372.71,0.05,1770.37,559.53
ORD-10580,2023-05-05,Central,Electronics,Headphones,Consumer,2,1155.78,0.0,2311.56,404.5
ORD-10581,2024-08-11,South,Electronics,Keyboard,Consumer,3,323.84,0.1,874.37,211.41
ORD-10582,2023-02-11,West,Electronics,Laptop,Home Office,6,1191.76,0.05,6793.03,1536.61
ORD-10583,2024-09-08,North,Furniture,Desk,Consumer,2,161.41,0.1,290.54,93.47
ORD-10584,2024-06-03,Central,Furniture,Sofa,Corporate,6,498.59,0.1,2692.39,500.85
ORD-10585,2023-10-04,West,Electronics,Monitor,Consumer,1,510.03,0.05,484.53,144.28
ORD-10586,2024-05-27,West,Electronics,Laptop,Home Office,2,1197.92,0.0,2395.84,199.25
ORD-10587,2023-05-03,North,Office Supplies,Notebook,Corporate,6,12.42,0.0,74.52,4.01
ORD-10588,2023-10-20,West,Electronics,Monitor,Corporate,2,1126.11,0.2,1801.78,612.12
ORD-10589,2024-12-06,North,Furniture,Sofa,Consumer,8,688.24,0.2,4404.74,700.34
ORD-10590,2023-05-19,West,Electronics,Smartphone,Consumer,9,730.05,0.0,6570.45,1979.25
ORD-10591,2023-11-22,South,Furniture,Sofa,Home Office,1,730.39,0.0,730.39,147.87
ORD-10592,2023-03-16,North,Office Supplies,Pen Set,Home Office,9,13.64,0.0,122.76,27.43
ORD-10593,2023-03-26,East,Furniture,Desk,Consumer,5,177.28,0.1,797.76,89.16
ORD-10594,2023-05-18,West,Office Supplies,Stapler,Consumer,9,40.24,0.2,289.73,95.32
ORD-10595,2023-11-06,South,Office Supplies,Pen Set,Corporate,3,15.32,0.15,39.07,9.32
ORD-10596,2024-04-09,North,Electronics,Smartphone,Corporate,4,1088.84,0.0,4355.36,599.12
ORD-10597,2024-10-28,East,Furniture,Sofa,Consumer,9,707.16,0.0,6364.44,856.26
ORD-10598,2023-04-16,South,Electronics,Monitor,Home Office,5,111.48,0.0,557.4,154.49
ORD-10599,2023-05-22,North,Electronics,Monitor,Consumer,2,1064.57,0.0,2129.14,686.67
ORD-10600,2024-08-18,Central,Furniture,Bookshelf,Consumer,1,766.54,0.2,613.23,202.32
ORD-10601,2024-12-18,Central,Furniture,Chair,Corporate,6,125.41,0.1,677.21,206.52
ORD-10602,2024-12-02,North,Electronics,Monitor,Home Office,9,273.25,0.15,2090.36,294.66
ORD-10603,2023-09-29,West,Furniture,Lamp,Consumer,4,222.36,0.05,844.97,211.34
ORD-10604,2024-09-14,North,Electronics,Smartphone,Home Office,8,500.8,,4006.4,841.61
ORD-10605,2024-06-15,North,Electronics,Smartphone,Corporate,5,241.78,0.0,1208.9,387.77
ORD-10606,2023-07-28,North,Furniture,Sofa,Corporate,4,642.42,0.0,2569.68,245.84
ORD-10607,2023-05-28,Central,Furniture,Chair,Home Office,5,241.37,0.15,1025.82,133.16
ORD-10608,2024-12-13,North,Furniture,Desk,Home Office,9,55.46,0.05,474.18,141.7
ORD-10609,2024-06-04,North,Furniture,Desk,Corporate,8,723.71,0.05,5500.2,832.43
ORD-10610,2023-03-15,West,Office Supplies,Notebook,Home Office,1,31.21,0.0,31.21,10.19
ORD-10611,2023-04-13,Central,Office Supplies,Printer Paper,Corporate,6,39.93,0.0,239.58,18.15
ORD-10612,2023-01-28,West,Electronics,Laptop,Corporate,6,731.36,0.0,4388.16,1493.39
ORD-10613,2024-01-10,South,Furniture,Sofa,Consumer,5,709.93,0.2,2839.72,489.6
ORD-10614,2023-02-25,South,Office Supplies,Notebook,Consumer,6,9.1,0.15,46.41,8.03
ORD-10615,2024-07-22,East,Furniture,Desk,Corporate,7,390.26,0.1,2458.64,126.68
ORD-10616,2023-09-26,East,Furniture,Bookshelf,Consumer,9,474.44,0.1,3842.96,1061.21
ORD-10617,2023-12-19,West,Office Supplies,Notebook,Home Office,3,35.89,0.05,102.29,19.29
ORD-10618,2024-06-21,Central,Furniture,Sofa,Home Office,6,504.38,0.1,2723.65,361.64
ORD-10619,2023-02-20,East,Office Supplies,Folder,Corporate,8,59.52,0.05,452.35,76.6
ORD-10620,2024-07-26,West,Office Supplies,Folder,Corporate,9,12.2,0.05,104.31,24.15
ORD-10621,2024-11-24,East,Electronics,Keyboard,Home Office,6,352.49,0.2,1691.95,271.91
ORD-10622,2023-11-30,East,Electronics,Laptop,Corporate,4,614.3,0.1,2211.48,413.31
ORD-10623,2023-10-23,West,Furniture,Chair,Home Office,9,583.17,0.2,4198.82,762.53
ORD-10624,2023-08-09,West,Electronics,Headphones,Consumer,7,1139.54,0.0,7976.78,1700.36
ORD-10625,2024-03-17,West,Electronics,Headphones,Corporate,7,849.72,0.15,5055.83,499.87
ORD-10626,2023-11-02,South,Furniture,Bookshelf,Home Office,5,78.39,0.05,372.35,47.25
ORD-10627,2023-07-24,East,Furniture,Lamp,Corporate,4,378.69,0.0,1514.76,142.74
ORD-10628,2023-03-01,North,Electronics,Laptop,Home Office,1,807.89,0.05,767.5,228.29
ORD-10629,2024-03-08,West,Office Supplies,Notebook,Consumer,1,5.73,0.0,5.73,1.97
ORD-10630,2024-02-17,North,Furniture,Desk,Consumer,4,248.78,0.0,995.12,262.88
ORD-10631,2023-10-20,North,Furniture,Desk,Home Office,6,90.47,0.1,488.54,42.0
ORD-10632,2023-07-23,West,Electronics,Laptop,Consumer,9,289.02,0.0,2601.18,173.95
ORD-10633,2023-03-21,East,Office Supplies,Printer Paper,Home Office,6,31.53,0.1,170.26,33.51
ORD-10634,2024-04-30,East,Furniture,Lamp,Home Office,5,530.78,0.0,2653.9,738.15
ORD-10635,2024-10-23,West,Office Supplies,Pen Set,Consumer,8,13.28,0.0,106.24,21.03
ORD-10636,2024-01-14,West,Furniture,Desk,Home Office,8,266.74,0.05,2027.22,346.32
ORD-10637,2024-07-19,Central,Furniture,Desk,Home Office,1,510.39,0.0,510.39,136.04
ORD-10638,2024-05-08,Central,Office Supplies,Printer Paper,Home Office,1,3.07,0.0,3.07,0.73
ORD-10639,2023-08-23,East,Office Supplies,Printer Paper,Corporate,4,7.19,0.05,27.32,3.45
ORD-10640,2023-12-04,East,Office Supplies,Printer Paper,Consumer,5,37.74,0.0,188.7,46.41
ORD-10641,2024-08-13,East,Electronics,Monitor,Corporate,3,813.29,0.0,2439.87,437.95
ORD-10642,2023-03-08,Central,Electronics,Smartphone,Consumer,4,371.54,0.05,1411.85,389.79
ORD-10643,2024-04-15,West,Electronics,Laptop,Consumer,3,1008.61,0.1,2723.25,542.4
ORD-10644,2024-03-26,Central,Electronics,Monitor,Corporate,9,345.66,0.0,3110.94,996.85
ORD-10645,2024-01-31,North,Office Supplies,Stapler,Consumer,9,52.51,0.05,448.96,116.57
ORD-10646,2024-07-06,East,Office Supplies,Folder,Home Office,7,27.49,0.1,173.19,21.63
ORD-10647,2023-04-30,West,Office Supplies,Folder,Home Office,2,21.54,0.0,43.08,9.95
ORD-10648,2024-09-28,West,Office Supplies,Printer Paper,Corporate,1,47.96,0.05,45.56,6.75
ORD-10649,2024-06-11,South,Electronics,Keyboard,Home Office,1,611.56,0.1,550.4,36.83
ORD-10650,2024-11-21,East,Furniture,Lamp,Corporate,7,456.19,0.0,3193.33,527.69
ORD-10651,2024-02-21,South,Electronics,Monitor,Consumer,4,502.73,0.2,1608.74,160.95
ORD-10652,2024-04-30,East,Furniture,Sofa,Home Office,8,350.78,0.05,2665.93,337.43
ORD-10653,2023-01-04,East,Furniture,Desk,Consumer,8,587.67,0.15,3996.16,529.25
ORD-10654,2024-09-19,South,Furniture,Chair,Corporate,4,748.73,0.1,2695.43,434.86
ORD-10655,2023-09-30,South,Electronics,Keyboard,Consumer,7,650.14,0.0,4550.98,1388.28
ORD-10656,2024-03-13,South,Electronics,Smartphone,Consumer,2,895.08,0.05,1700.65,546.27
ORD-10657,2024-05-09,East,Furniture,Chair,Consumer,4,725.46,0.1,2611.66,170.23
ORD-10658,2023-09-26,North,Electronics,Monitor,Home Office,9,844.22,0.05,7218.08,2312.34
ORD-10659,2023-01-17,Central,Furniture,Bookshelf,Corporate,7,740.76,0.05,4926.05,1567.43
ORD-10660,2024-11-25,North,Electronics,Keyboard,Home Office,8,187.87,0.0,1502.96,476.65
ORD-10661,2024-12-05,West,Electronics,Monitor,Consumer,7,819.79,0.1,5164.68,1562.56
ORD-10662,2023-09-19,Central,Electronics,Smartphone,Corporate,8,1011.15,0.05,7684.74,1577.59
ORD-10663,2023-06-06,North,Electronics,Keyboard,Home Office,8,1118.93,0.1,8056.3,1609.43
ORD-10664,2024-04-30,South,Electronics,Keyboard,Consumer,1,212.75,0.1,191.48,33.38
ORD-10665,2023-03-25,Central,Electronics,Laptop,Consumer,7,88.58,0.0,620.06,134.09
ORD-10666,2023-08-11,Central,Electronics,Keyboard,Corporate,5,552.75,0.0,2763.75,714.64
ORD-10667,2023-11-02,Central,Office Supplies,Notebook,Corporate,7,26.63,0.05,177.09,51.7
ORD-10668,2023-05-17,Central,Furniture,Desk,Consumer,8,592.5,0.1,4266.0,423.1
ORD-10669,2024-03-09,North,Electronics,Headphones,Consumer,9,398.04,0.15,3045.01,964.65
ORD-10670,2023-06-23,Central,Furniture,Chair,Corporate,8,189.3,0.05,1438.68,476.02
ORD-10671,2024-03-09,North,Furniture,Bookshelf,Consumer,1,422.96,0.0,422.96,138.36
ORD-10672,2023-04-11,Central,Office Supplies,Stapler,Consumer,8,18.72,0.0,149.76,25.44
ORD-10673,2024-06-16,East,Electronics,Smartphone,Consumer,4,302.22,0.0,1208.88,113.72
ORD-10674,2024-04-25,North,Office Supplies,Folder,Corporate,2,8.21,0.0,16.42,0.92
ORD-10675,2024-02-06,Central,Electronics,Laptop,Home Office,2,341.52,0.0,683.04,118.55
ORD-10676,2023-03-17,Central,Office Supplies,Stapler,Consumer,4,9.28,0.0,37.12,7.74
ORD-10677,2023-03-27,North,Furniture,Chair,Corporate,8,594.79,0.15,4044.57,947.89
ORD-10678,2024-01-26,North,Electronics,Monitor,Corporate,3,792.62,0.05,2258.97,398.34
ORD-10679,2024-05-05,South,Office Supplies,Pen Set,Consumer,2,23.73,,47.46,7.47
ORD-10680,2024-05-05,East,Office Supplies,Notebook,Consumer,4,39.92,0.0,159.68,26.6
ORD-10681,2024-04-18,East,Electronics,Monitor,Home Office,2,618.28,0.0,1236.56,210.27
ORD-10682,2023-06-12,West,Electronics,Smartphone,Home Office,4,861.97,0.05,3275.49,482.7
ORD-10683,2023-05-07,,Electronics,Smartphone,Consumer,8,982.75,0.05,7468.9,1577.79
ORD-10684,2023-04-06,South,Electronics,Keyboard,Home Office,7,593.75,0.1,3740.62,387.29
ORD-10685,2023-02-05,South,Office Supplies,Notebook,Home Office,4,7.51,0.1,27.04,6.19
ORD-10686,2024-03-14,Central,Office Supplies,Folder,Consumer,6,23.08,0.2,110.78,10.99
ORD-10687,2023-06-07,East,Furniture,Desk,Consumer,8,170.26,0.1,1225.87,365.23
ORD-10688,2024-04-22,West,Office Supplies,Pen Set,Consumer,5,54.08,0.0,270.4,69.36
ORD-10689,2023-10-20,Central,Office Supplies,Stapler,Corporate,1,55.06,0.2,44.05,12.21
ORD-10690,2023-05-07,East,Electronics,Keyboard,Home Office,3,564.3,0.0,1692.9,419.72
ORD-10691,2024-10-22,South,Office Supplies,Pen Set,Consumer,7,17.05,0.2,95.48,7.77
ORD-10692,2023-08-09,North,Electronics,Headphones,Home Office,8,468.28,0.1,3371.62,225.71
ORD-10693,2024-11-05,South,Furniture,Desk,Consumer,9,229.89,0.0,2069.01,355.51
ORD-10694,2024-03-31,West,Office Supplies,Stapler,Corporate,5,52.72,0.0,263.6,34.64
ORD-10695,2023-01-12,North,Office Supplies,Notebook,Corporate,5,28.16,0.1,126.72,7.52
ORD-10696,2024-08-17,West,Electronics,Laptop,Home Office,4,971.58,0.1,3497.69,518.82
ORD-10697,2024-05-30,Central,Furniture,Bookshelf,Consumer,1,47.48,0.0,47.48,5.81
ORD-10698,2024-07-31,South,Electronics,Laptop,Corporate,9,889.98,0.0,8009.82,741.34
ORD-10699,2024-04-08,South,Office Supplies,Notebook,Corporate,6,35.98,0.0,215.88,31.53
ORD-10700,2024-11-30,West,Furniture,Chair,Home Office,4,619.87,0.2,1983.58,671.82
ORD-10701,2023-09-02,East,Furniture,Desk,Corporate,7,350.26,0.0,2451.82,730.75
ORD-10702,2024-02-11,East,Electronics,Keyboard,Home Office,9,803.18,0.15,6144.33,737.83
ORD-10703,2024-05-31,West,Furniture,Lamp,Corporate,6,341.15,0.05,1944.55,607.89
ORD-10704,2023-09-23,Central,Furniture,Chair,Corporate,9,272.13,0.0,2449.17,616.36
ORD-10705,2024-01-11,East,Office Supplies,Printer Paper,Corporate,5,41.32,0.05,196.27,38.75
ORD-10706,2023-08-10,East,Office Supplies,Stapler,Consumer,8,48.55,0.0,388.4,96.25
ORD-10707,2024-07-16,North,Office Supplies,Folder,Home Office,5,6.0,0.0,30.0,10.42
ORD-10708,2023-05-02,North,Furniture,Sofa,Corporate,8,197.53,0.1,1422.22,194.67
ORD-10709,2024-06-30,Central,Electronics,Headphones,Consumer,1,517.19,0.0,517.19,73.25
ORD-10710,2023-03-21,West,Electronics,Keyboard,Consumer,5,472.05,0.1,2124.22,661.45
ORD-10711,2024-06-30,South,Office Supplies,Notebook,Home Office,6,46.16,0.0,276.96,39.88
ORD-10712,2023-09-13,East,Furniture,Lamp,Corporate,1,518.13,0.0,518.13,128.56
ORD-10713,2024-02-03,Central,Electronics,Smartphone,Consumer,2,729.5,0.0,1459.0,181.15
ORD-10714,2023-09-30,Central,Office Supplies,Notebook,Corporate,3,3.28,0.0,9.84,2.43
ORD-10715,2023-11-23,East,Furniture,Desk,Home Office,3,713.13,0.0,2139.39,197.54
ORD-10716,2023-09-22,South,Office Supplies,Stapler,Home Office,5,3.04,0.2,12.16,3.14
ORD-10717,2023-05-20,Central,Furniture,Bookshelf,Corporate,9,669.68,0.05,5725.76,698.99
ORD-10718,2024-10-23,East,Furniture,Bookshelf,Home Office,2,508.51,0.2,813.62,267.65
ORD-10719,2024-07-23,West,Office Supplies,Stapler,Home Office,5,33.53,0.0,167.65,49.89
ORD-10720,2023-02-09,Central,Office Supplies,Folder,Consumer,8,18.51,0.05,140.68,26.56
ORD-10721,2024-11-15,Central,Office Supplies,Pen Set,Consumer,7,3.9,0.0,27.3,4.94
ORD-10722,2024-08-08,East,Electronics,Monitor,Home Office,9,1075.98,0.15,8231.25,739.01
ORD-10723,2023-08-01,North,Furniture,Sofa,Consumer,4,125.96,0.1,453.46,105.34
ORD-10724,2024-09-01,East,Furniture,Bookshelf,Home Office,8,298.92,0.1,2152.22,658.07
ORD-10725,2023-06-21,West,Electronics,Laptop,Home Office,3,1149.68,0.1,3104.14,889.17
ORD-10726,2023-08-09,Central,Office Supplies,Folder,Corporate,7,33.23,0.15,197.72,60.35
ORD-10727,2024-05-06,North,Furniture,Bookshelf,Home Office,4,627.03,0.15,2131.9,310.1
ORD-10728,2024-12-09,South,Furniture,Sofa,Home Office,5,635.32,0.0,3176.6,989.36
ORD-10729,2023-01-08,Central,Electronics,Monitor,Home Office,5,433.89,0.0,2169.45,461.83
ORD-10730,2023-05-22,South,Furniture,Chair,Home Office,9,523.53,0.2,3769.42,1024.09
ORD-10731,2024-10-17,North,Electronics,Keyboard,Corporate,7,974.07,0.0,6818.49,1591.48
ORD-10732,2023-10-27,,Furniture,Sofa,Consumer,6,588.16,0.1,3176.06,781.62
ORD-10733,2023-03-18,Central,Electronics,Monitor,Home Office,4,930.63,0.15,3164.14,286.39
ORD-10734,2023-06-04,South,Electronics,Monitor,Consumer,3,210.19,0.0,630.57,84.62
ORD-10735,2023-07-06,North,Furniture,Lamp,Consumer,3,775.84,0.1,2094.77,552.56
ORD-10736,2024-07-13,Central,Electronics,Laptop,Corporate,7,353.03,0.0,2471.21,439.68
ORD-10737,2024-05-30,North,Electronics,Keyboard,Home Office,5,159.14,0.05,755.91,111.25
ORD-10738,2024-08-18,North,Furniture,Sofa,Consumer,4,693.09,0.05,2633.74,766.19
ORD-10739,2024-03-03,Central,Office Supplies,Folder,Home Office,4,25.53,0.1,91.91,27.43
ORD-10740,2023-06-30,East,Electronics,Monitor,Home Office,9,673.34,0.2,4848.05,888.15
ORD-10741,2024-12-07,East,Furniture,Lamp,Consumer,2,301.82,0.1,543.28,171.41
ORD-10742,2023-03-04,,Office Supplies,Pen Set,Consumer,3,51.15,0.1,138.1,31.82
ORD-10743,2023-11-27,North,Electronics,Laptop,Consumer,7,648.6,0.15,3859.17,1211.08
ORD-10744,2023-04-15,West,Electronics,Headphones,Consumer,3,530.85,0.0,1592.55,533.69
ORD-10745,2023-09-28,Central,Furniture,Lamp,Consumer,2,482.59,0.0,965.18,223.29
ORD-10746,2023-08-19,Central,Office Supplies,Pen Set,Consumer,3,48.98,0.2,117.55,23.68
ORD-10747,2023-10-07,West,Electronics,Keyboard,Consumer,7,686.51,0.05,4565.29,786.7
ORD-10748,2024-11-28,South,Furniture,Desk,Consumer,2,448.25,0.05,851.68,147.88
ORD-10749,2023-09-21,East,Furniture,Desk,Corporate,3,536.86,0.2,1288.46,116.97
ORD-10750,2023-05-15,East,Office Supplies,Pen Set,Consumer,1,2.54,0.0,2.54,0.57
ORD-10751,2023-04-11,North,Office Supplies,Pen Set,Corporate,6,2.7,0.1,14.58,4.94
ORD-10752,2023-12-14,North,Electronics,Headphones,Consumer,6,352.03,0.0,2112.18,564.11
ORD-10753,2023-09-07,South,Electronics,Smartphone,Home Office,5,1022.01,0.2,4088.04,1214.55
ORD-10754,2023-10-13,North,Office Supplies,Notebook,Corporate,8,45.11,0.05,342.84,56.83
ORD-10755,2023-02-12,West,Electronics,Keyboard,Home Office,3,531.57,0.0,1594.71,375.14
ORD-10756,2023-06-24,West,Office Supplies,Pen Set,Consumer,6,50.26,0.15,256.33,30.54
ORD-10757,2023-10-31,West,Office Supplies,Folder,Home Office,1,48.64,0.0,48.64,6.24
ORD-10758,2024-04-23,West,Office Supplies,Stapler,Home Office,8,8.44,0.1,60.77,9.44
ORD-10759,2024-07-18,East,Electronics,Keyboard,Home Office,5,592.52,0.0,2962.6,451.67
ORD-10760,2023-08-12,South,Furniture,Sofa,Consumer,6,620.89,0.05,3539.07,1230.2
ORD-10761,2023-01-14,South,Electronics,Laptop,Consumer,1,746.15,0.0,746.15,56.66
ORD-10762,2023-08-28,South,Office Supplies,Folder,Home Office,5,50.83,0.0,254.15,44.02
ORD-10763,2024-01-18,Central,Electronics,Keyboard,Corporate,4,950.84,,3803.36,1190.02
ORD-10764,2024-06-14,North,Furniture,Desk,Consumer,1,439.44,0.1,395.5,76.94
ORD-10765,2024-06-14,North,Office Supplies,Printer Paper,Corporate,6,51.94,0.15,264.89,70.75
ORD-10766,2023-01-28,South,Electronics,Keyboard,Home Office,7,873.81,0.2,4893.34,409.82
ORD-10767,2024-08-29,North,Office Supplies,Folder,Consumer,8,20.54,0.1,147.89,38.37
ORD-10768,2023-07-15,East,Furniture,Desk,Home Office,9,266.63,0.0,2399.67,798.3
ORD-10769,2024-10-14,West,Furniture,Bookshelf,Corporate,8,516.36,0.0,4130.88,389.64
ORD-10770,2024-03-15,North,Furniture,Desk,Consumer,9,498.94,0.0,4490.46,1053.3
ORD-10771,2023-03-28,West,Furniture,Chair,Home Office,6,212.84,0.1,1149.34,279.37
ORD-10772,2024-09-07,West,Electronics,Headphones,Home Office,7,1159.04,0.0,8113.28,2508.47
ORD-10773,2024-06-23,North,Furniture,Sofa,Corporate,5,44.05,0.15,187.21,10.85
ORD-10774,2024-05-16,North,Office Supplies,Stapler,Home Office,5,40.37,0.05,191.76,20.33
ORD-10775,2024-08-02,Central,Electronics,Laptop,Consumer,7,687.47,0.0,4812.29,619.45
ORD-10776,2024-08-08,West,Office Supplies,Printer Paper,Home Office,1,49.44,0.05,46.97,11.4
ORD-10777,2023-11-15,Central,Electronics,Keyboard,Consumer,2,480.02,0.05,912.04,243.95
ORD-10778,2023-01-17,West,Electronics,Laptop,Consumer,1,622.85,0.0,622.85,40.91
ORD-10779,2024-11-29,East,Furniture,Chair,Home Office,4,644.05,0.0,2576.2,528.87
ORD-10780,2024-11-08,South,Furniture,Lamp,Corporate,2,465.87,0.0,931.74,283.1
ORD-10781,2023-09-21,South,Electronics,Headphones,Consumer,4,84.52,0.2,270.46,88.78
ORD-10782,2024-07-19,Central,Furniture,Chair,Corporate,3,580.46,0.2,1393.1,426.01
ORD-10783,2023-01-16,Central,Office Supplies,Pen Set,Home Office,5,17.44,0.0,87.2,21.63
ORD-10784,2023-09-25,North,Office Supplies,Notebook,Consumer,1,21.19,0.05,20.13,5.44
ORD-10785,2024-03-19,West,Office Supplies,Folder,Corporate,5,52.68,0.15,223.89,30.6
ORD-10786,2024-03-27,East,Furniture,Sofa,Home Office,1,142.92,0.1,128.63,23.13
ORD-10787,2024-03-09,East,Electronics,Monitor,Consumer,8,767.47,0.05,5832.77,730.11
ORD-10788,2024-11-09,Central,Electronics,Laptop,Home Office,4,528.15,0.0,2112.6,444.78
ORD-10789,2024-10-11,North,Furniture,Sofa,Home Office,2,285.4,0.2,456.64,95.98
ORD-10790,2024-06-16,North,Furniture,Bookshelf,Consumer,2,453.58,0.0,907.16,180.36
ORD-10791,2024-11-12,North,Office Supplies,Folder,Consumer,3,8.28,0.0,24.84,2.87
ORD-10792,2024-01-14,Central,Office Supplies,Notebook,Consumer,1,3.76,0.0,3.76,0.41
ORD-10793,2023-05-16,North,Electronics,Smartphone,Consumer,2,519.07,0.05,986.23,342.75
ORD-10794,2023-03-30,West,Office Supplies,Printer Paper,Home Office,8,50.56,0.1,364.03,123.03
ORD-10795,2023-12-17,East,Office Supplies,Printer Paper,Consumer,3,41.84,0.0,125.52,15.37
ORD-10796,2023-12-21,East,Office Supplies,Stapler,Home Office,3,38.8,0.0,116.4,16.0
ORD-10797,2023-01-11,East,Furniture,Sofa,Consumer,7,114.89,0.05,764.02,206.55
ORD-10798,2024-01-15,West,Office Supplies,Folder,Corporate,5,42.83,0.0,214.15,39.49
ORD-10799,2024-06-09,West,Electronics,Smartphone,Home Office,3,335.82,0.1,906.71,142.43
ORD-10800,2024-01-07,East,Office Supplies,Folder,Home Office,3,46.39,0.0,139.17,18.65
ORD-10801,2024-08-06,North,Electronics,Keyboard,Consumer,6,77.27,0.15,394.08,116.15
ORD-10802,2024-02-17,West,Furniture,Sofa,Corporate,2,644.36,0.05,1224.28,224.58
ORD-10803,2023-11-22,West,Furniture,Bookshelf,Consumer,8,416.24,0.0,3329.92,345.81
ORD-10804,2023-10-05,West,Electronics,Smartphone,Consumer,4,452.34,0.1,1628.42,322.27
ORD-10805,2024-06-22,South,Furniture,Bookshelf,Consumer,6,178.57,0.15,910.71,94.24
ORD-10806,2023-10-30,East,Electronics,Smartphone,Consumer,5,208.43,0.05,990.04,256.01
ORD-10807,2024-03-18,East,Electronics,Laptop,Corporate,9,338.83,0.1,2744.52,842.25
ORD-10808,2024-07-20,West,Electronics,Headphones,Consumer,8,956.34,0.1,6885.65,733.91
ORD-10809,2024-10-25,South,Office Supplies,Pen Set,Corporate,7,27.7,0.0,193.9,12.61
ORD-10810,2023-10-09,East,Office Supplies,Stapler,Corporate,9,12.34,0.05,105.51,17.18
ORD-10811,2024-12-12,South,Office Supplies,Folder,Corporate,7,59.92,0.0,419.44,100.72
ORD-10812,2024-05-30,South,Office Supplies,Stapler,Home Office,1,19.45,0.05,18.48,2.21
ORD-10813,2023-08-18,,Electronics,Laptop,Consumer,3,118.21,0.1,319.17,29.51
ORD-10814,2023-11-08,North,Office Supplies,Pen Set,Consumer,4,18.55,0.15,63.07,18.72
ORD-10815,2024-07-19,Central,Electronics,Keyboard,Corporate,7,220.97,0.2,1237.43,67.17
ORD-10816,2023-06-30,North,Furniture,Sofa,Corporate,9,183.59,0.15,1404.46,198.68
ORD-10817,2024-04-18,North,Electronics,Monitor,Corporate,4,985.16,0.0,3940.64,1184.52
ORD-10818,2024-03-21,East,Electronics,Monitor,Consumer,3,1175.68,0.0,3527.04,826.23
ORD-10819,2023-12-09,West,Office Supplies,Notebook,Consumer,5,4.52,0.0,22.6,6.77
ORD-10820,2024-01-21,Central,Office Supplies,Folder,Home Office,5,55.88,0.2,223.52,23.21
ORD-10821,2024-11-13,North,Electronics,Headphones,Consumer,2,301.55,0.05,572.95,96.63
ORD-10822,2023-12-25,South,Office Supplies,Folder,Consumer,9,59.35,0.1,480.74,163.06
ORD-10823,2023-03-16,East,Electronics,Smartphone,Consumer,3,821.31,0.0,2463.93,337.78
ORD-10824,2023-07-07,South,Office Supplies,Folder,Corporate,2,42.83,0.0,85.66,28.25
ORD-10825,2024-04-12,Central,Furniture,Desk,Corporate,5,672.91,,3028.1,796.3
ORD-10826,2023-12-22,South,Electronics,Smartphone,Consumer,6,167.75,0.0,1006.5,267.11
ORD-10827,2023-07-05,East,Furniture,Lamp,Consumer,8,156.6,0.05,1190.16,221.97
ORD-10828,2024-07-31,North,Furniture,Desk,Corporate,8,325.38,0.0,2603.04,840.36
ORD-10829,2024-09-21,North,Furniture,Lamp,Consumer,7,57.18,0.1,360.23,93.63
ORD-10830,2024-09-10,South,Office Supplies,Notebook,Consumer,8,11.58,0.0,92.64,16.92
ORD-10831,2024-06-08,East,Electronics,Smartphone,Home Office,8,734.66,0.0,5877.28,1519.9
ORD-10832,2024-08-21,Central,Furniture,Bookshelf,Home Office,3,498.28,0.05,1420.1,284.47
ORD-10833,2023-07-13,North,Electronics,Smartphone,Consumer,8,728.31,0.2,4661.18,902.29
ORD-10834,2023-06-24,West,Furniture,Lamp,Home Office,4,661.12,0.0,2644.48,163.37
ORD-10835,2023-02-13,West,Office Supplies,Notebook,Corporate,6,42.49,0.0,254.94,57.1
ORD-10836,2023-03-12,North,Furniture,Lamp,Consumer,2,55.69,,105.81,13.43
ORD-10837,2024-06-30,Central,Furniture,Bookshelf,Home Office,8,364.45,0.05,2769.82,233.64
ORD-10838,2024-01-26,West,Electronics,Monitor,Home Office,1,1098.36,0.15,933.61,186.72
ORD-10839,2024-10-01,South,Furniture,Lamp,Consumer,9,597.76,0.1,4841.86,1360.69
ORD-10840,2024-09-13,West,Electronics,Headphones,Consumer,3,711.57,0.15,1814.5,261.42
ORD-10841,2024-08-14,Central,Office Supplies,Stapler,Consumer,4,2.54,0.05,9.65,1.98
ORD-10842,2023-07-01,North,Furniture,Lamp,Home Office,3,532.06,0.0,1596.18,208.86
ORD-10843,2023-09-29,Central,Electronics,Laptop,Consumer,2,52.22,0.0,104.44,30.93
ORD-10844,2023-12-21,East,Furniture,Chair,Corporate,2,360.25,0.05,684.48,238.57
ORD-10845,2023-07-28,North,Electronics,Monitor,Corporate,9,546.4,0.0,4917.6,557.4
ORD-10846,2024-10-10,Central,Electronics,Headphones,Consumer,9,641.14,0.0,5770.26,523.65
ORD-10847,2023-06-01,West,Furniture,Chair,Consumer,4,601.49,0.0,2405.96,307.64
ORD-10848,2024-06-22,West,Furniture,Lamp,Consumer,5,316.95,0.1,1426.28,156.21
ORD-10849,2024-06-13,North,Furniture,Sofa,Consumer,1,351.1,0.1,315.99,102.67
ORD-10850,2024-02-04,,Office Supplies,Notebook,Home Office,1,43.19,0.15,36.71,2.77
ORD-10851,2023-03-12,Central,Electronics,Headphones,Home Office,2,1014.28,0.05,1927.13,288.34
ORD-10852,2023-09-01,Central,Furniture,Chair,Corporate,2,66.22,0.1,119.2,26.69
ORD-10853,2023-08-03,South,Electronics,Monitor,Home Office,2,878.76,0.05,1669.64,566.54
ORD-10854,2023-05-21,Central,Furniture,Sofa,Corporate,4,649.33,0.0,2597.32,689.14
ORD-10855,2023-03-18,North,Electronics,Monitor,Home Office,6,594.6,0.2,2854.08,922.1
ORD-10856,2023-02-25,East,Office Supplies,Notebook,Corporate,1,9.11,0.0,9.11,2.94
ORD-10857,2023-04-23,North,Electronics,Keyboard,Corporate,1,319.45,0.15,271.53,86.36
ORD-10858,2023-05-08,South,Furniture,Sofa,Corporate,1,102.88,0.0,102.88,7.61
ORD-10859,2023-12-01,South,Electronics,Monitor,Corporate,4,556.17,0.1,2002.21,366.11
ORD-10860,2023-10-24,South,Office Supplies,Folder,Consumer,5,2.01,0.1,9.04,0.75
ORD-10861,2023-03-16,East,Furniture,Bookshelf,Corporate,2,610.07,0.05,1159.13,346.64
ORD-10862,2024-02-27,East,Furniture,Chair,Corporate,7,286.85,0.05,1907.55,281.44
ORD-10863,2023-01-14,North,Electronics,Headphones,Consumer,2,337.78,0.0,675.56,156.85
ORD-10864,2023-11-25,East,Furniture,Chair,Consumer,2,594.07,,1128.73,61.2
ORD-10865,2023-01-21,South,Furniture,Desk,Home Office,2,731.07,0.0,1462.14,381.18
ORD-10866,2024-02-10,North,Electronics,Keyboard,Home Office,3,1059.51,0.15,2701.75,371.37
ORD-10867,2023-07-08,North,Electronics,Monitor,Home Office,8,394.53,0.0,3156.24,181.91
ORD-10868,2023-03-18,Central,Office Supplies,Folder,Corporate,3,49.63,0.0,148.89,18.98
ORD-10869,2023-03-13,Central,Office Supplies,Folder,Corporate,7,54.19,0.2,303.46,88.67
ORD-10870,2024-03-14,South,Office Supplies,Printer Paper,Home Office,9,54.71,0.0,492.39,130.83
ORD-10871,2023-03-22,East,Furniture,Sofa,Corporate,9,208.17,0.2,1498.82,509.05
ORD-10872,2024-05-11,North,Electronics,Monitor,Corporate,9,1167.91,0.0,10511.19,2047.07
ORD-10873,2024-11-05,North,Office Supplies,Pen Set,Corporate,9,42.86,0.0,385.74,39.16
ORD-10874,2023-10-04,North,Office Supplies,Pen Set,Home Office,8,51.95,0.15,353.26,19.31
ORD-10875,2024-12-22,North,Electronics,Monitor,Consumer,8,187.11,0.0,1496.88,204.16
ORD-10876,2024-08-12,North,Furniture,Bookshelf,Consumer,4,222.57,0.05,845.77,178.99
ORD-10877,2024-06-30,North,Electronics,Laptop,Home Office,6,686.56,0.2,3295.49,288.96
ORD-10878,2024-07-29,South,Furniture,Chair,Home Office,3,401.47,0.0,1204.41,335.78
ORD-10879,2024-11-10,South,Furniture,Bookshelf,Consumer,3,526.44,0.0,1579.32,85.33
ORD-10880,2024-01-03,South,Electronics,Monitor,Consumer,3,1118.67,0.0,3356.01,889.23
ORD-10881,2024-07-16,West,Furniture,Lamp,Consumer,5,529.87,0.05,2516.88,768.56
ORD-10882,2023-08-10,Central,Electronics,Keyboard,Consumer,3,241.26,0.0,723.78,226.21
ORD-10883,2023-01-02,East,Electronics,Laptop,Corporate,5,272.8,0.05,1295.8,316.56
ORD-10884,2024-03-03,South,Office Supplies,Folder,Consumer,4,17.88,0.1,64.37,13.07
ORD-10885,2023-06-04,South,Electronics,Laptop,Corporate,2,420.81,0.2,673.3,36.04
ORD-10886,2024-12-15,North,Office Supplies,Stapler,Consumer,6,56.66,0.0,339.96,114.33
ORD-10887,2024-01-31,East,Furniture,Sofa,Corporate,4,586.47,0.0,2345.88,542.18
ORD-10888,2024-07-23,South,Office Supplies,Notebook,Consumer,7,26.82,0.2,150.19,37.6
ORD-10889,2023-09-24,South,Electronics,Monitor,Consumer,6,1175.01,0.0,7050.06,1914.41
ORD-10890,2023-10-13,South,Furniture,Desk,Consumer,2,730.11,0.0,1460.22,490.68
ORD-10891,2023-04-18,Central,Electronics,Laptop,Corporate,6,970.59,0.0,5823.54,714.51
ORD-10892,2024-04-07,West,Electronics,Headphones,Corporate,9,456.87,0.0,4111.83,720.04
ORD-10893,2023-11-10,North,Furniture,Chair,Corporate,8,781.05,0.05,5935.98,1165.11
ORD-10894,2024-01-14,West,Furniture,Chair,Consumer,6,637.5,0.0,3825.0,1042.14
ORD-10895,2023-10-18,South,Electronics,Laptop,Consumer,5,448.1,0.0,2240.5,719.97
ORD-10896,2024-07-12,Central,Office Supplies,Pen Set,Corporate,6,51.6,0.15,263.16,83.69
ORD-10897,2023-08-01,North,Office Supplies,Folder,Consumer,3,4.97,0.05,14.16,3.46
ORD-10898,2024-07-03,East,Electronics,Smartphone,Consumer,6,1168.92,0.0,7013.52,722.58
ORD-10899,2024-04-05,West,Electronics,Laptop,Consumer,6,852.47,0.0,5114.82,943.52
ORD-10900,2023-02-07,East,Electronics,Monitor,Home Office,9,1023.96,0.1,8294.08,2878.0
ORD-10901,2024-03-18,East,Office Supplies,Pen Set,Home Office,6,38.16,0.2,183.17,23.81
ORD-10902,2024-09-23,North,Furniture,Chair,Corporate,9,763.89,0.0,6875.01,941.34
ORD-10903,2024-09-05,North,Electronics,Keyboard,Home Office,7,630.82,0.05,4194.95,1085.7
ORD-10904,2024-06-14,North,Furniture,Desk,Home Office,6,390.95,0.0,2345.7,460.17
ORD-10905,2024-03-10,East,Office Supplies,Folder,Consumer,2,2.58,0.0,5.16,0.27
ORD-10906,2023-09-11,South,Office Supplies,Pen Set,Consumer,4,47.8,0.0,191.2,51.96
ORD-10907,2024-12-28,Central,Electronics,Laptop,Home Office,9,364.53,0.1,2952.69,440.05
ORD-10908,2024-12-10,West,Electronics,Headphones,Home Office,2,830.74,0.15,1412.26,259.34
ORD-10909,2023-02-07,South,Electronics,Monitor,Consumer,3,736.39,0.2,1767.34,402.31
ORD-10910,2024-05-10,North,Electronics,Monitor,Consumer,9,418.8,0.0,3769.2,368.57
ORD-10911,2024-08-21,West,Office Supplies,Stapler,Home Office,2,19.97,0.0,39.94,13.48
ORD-10912,2024-03-04,West,Electronics,Laptop,Consumer,2,675.53,0.0,1351.06,253.94
ORD-10913,2023-11-08,West,Furniture,Bookshelf,Corporate,7,258.22,0.15,1536.41,81.37
ORD-10914,2024-04-09,West,Electronics,Smartphone,Home Office,3,210.46,,568.24,112.89
ORD-10915,2023-10-13,West,Furniture,Desk,Consumer,2,761.12,0.05,1446.13,162.44
ORD-10916,2024-07-12,East,Furniture,Lamp,Home Office,9,491.53,0.2,3539.02,1105.2
ORD-10917,2023-07-15,West,Furniture,Desk,Home Office,6,270.56,0.0,1623.36,336.7
ORD-10918,2023-04-11,West,Electronics,Headphones,Consumer,1,560.54,0.05,532.51,104.11
ORD-10919,2024-07-06,South,Office Supplies,Notebook,Home Office,9,49.96,0.05,427.16,70.36
ORD-10920,2023-08-22,South,Furniture,Lamp,Corporate,2,76.46,0.1,137.63,24.33
ORD-10921,2023-04-28,East,Electronics,Laptop,Consumer,3,134.58,0.1,363.37,80.03
ORD-10922,2023-02-28,North,Electronics,Laptop,Corporate,8,495.86,0.0,3966.88,1061.63
ORD-10923,2024-06-09,Central,Office Supplies,Folder,Home Office,2,12.69,0.0,25.38,3.28
ORD-10924,2024-10-20,East,Office Supplies,Pen Set,Consumer,9,20.37,0.2,146.66,40.86
ORD-10925,2023-07-25,West,Electronics,Monitor,Home Office,4,470.64,0.15,1600.18,413.05
ORD-10926,2024-07-05,West,Electronics,Laptop,Home Office,2,468.78,0.0,937.56,105.93
ORD-10927,2024-06-12,East,Electronics,Keyboard,Consumer,3,313.34,0.0,940.02,281.6
ORD-10928,2023-02-11,West,Furniture,Desk,Consumer,3,611.88,0.0,1835.64,482.72
ORD-10929,2023-04-14,East,Electronics,Laptop,Home Office,2,792.66,0.05,1506.05,288.77
ORD-10930,2023-07-23,West,Office Supplies,Folder,Consumer,3,20.1,0.0,60.3,9.54
ORD-10931,2023-03-14,South,Office Supplies,Folder,Corporate,8,23.86,0.0,190.88,19.47
ORD-10932,2024-09-06,North,Furniture,Lamp,Corporate,7,676.3,0.1,4260.69,294.73
ORD-10933,2023-07-13,South,Electronics,Smartphone,Consumer,3,185.68,0.0,557.04,148.55
ORD-10934,2024-05-30,West,Furniture,Bookshelf,Corporate,9,537.93,0.2,3873.1,1183.43
ORD-10935,2024-02-09,Central,Office Supplies,Stapler,Consumer,7,4.54,0.15,27.01,6.62
ORD-10936,2023-05-09,East,Furniture,Chair,Consumer,2,690.04,0.1,1242.07,426.94
ORD-10937,2024-06-09,Central,Electronics,Smartphone,Consumer,3,690.32,0.1,1863.86,624.13
ORD-10938,2023-01-17,North,Furniture,Sofa,Corporate,2,612.66,0.0,1225.32,289.97
ORD-10939,2024-06-05,East,Electronics,Keyboard,Home Office,3,1008.57,0.05,2874.42,623.04
ORD-10940,2023-06-21,West,Office Supplies,Stapler,Consumer,2,51.62,0.15,87.75,13.89
ORD-10941,2023-11-26,North,Furniture,Bookshelf,Home Office,4,487.46,0.05,1852.35,259.31
ORD-10942,2023-04-27,East,Electronics,Keyboard,Home Office,2,56.58,0.1,101.84,21.46
ORD-10943,2023-05-22,South,Office Supplies,Pen Set,Home Office,3,14.46,0.2,34.7,10.12
ORD-10944,2024-04-12,East,Office Supplies,Stapler,Consumer,4,13.49,0.0,53.96,12.77
ORD-10945,2024-01-05,South,Office Supplies,Notebook,Home Office,9,54.54,0.0,490.86,29.35
ORD-10946,2024-12-09,South,Furniture,Desk,Corporate,2,437.99,0.05,832.18,205.76
ORD-10947,2024-06-17,North,Office Supplies,Stapler,Corporate,4,44.73,0.1,161.03,36.66
ORD-10948,2023-04-05,South,Office Supplies,Stapler,Consumer,8,6.07,0.15,41.28,8.01
ORD-10949,2024-01-06,East,Office Supplies,Folder,Home Office,3,10.0,0.0,30.0,1.97
ORD-10950,2024-08-01,South,Furniture,Bookshelf,Consumer,9,222.91,0.0,2006.19,626.92
ORD-10951,2023-12-18,South,Furniture,Lamp,Home Office,5,729.22,0.0,3646.1,1103.81
ORD-10952,2024-10-08,North,Office Supplies,Printer Paper,Home Office,6,6.97,0.1,37.64,7.87
ORD-10953,2023-06-19,North,Office Supplies,Folder,Corporate,6,30.44,0.05,173.51,17.36
ORD-10954,2024-06-28,South,Electronics,Headphones,Corporate,2,566.74,0.1,1020.13,282.06
ORD-10955,2023-09-28,South,Electronics,Headphones,Consumer,1,144.14,0.0,144.14,46.63
ORD-10956,2024-06-10,East,Furniture,Sofa,Consumer,3,204.88,0.0,614.64,101.1
ORD-10957,2023-02-05,South,Electronics,Smartphone,Home Office,9,567.95,0.1,4600.4,879.49
ORD-10958,2024-05-14,East,Furniture,Lamp,Home Office,7,94.68,0.0,662.76,179.1
ORD-10959,2024-01-22,North,Furniture,Desk,Home Office,9,63.1,0.0,567.9,167.37
ORD-10960,2023-04-19,Central,Electronics,Monitor,Home Office,5,473.51,0.15,2012.42,341.59
ORD-10961,2023-12-08,East,Furniture,Bookshelf,Corporate,2,468.03,0.0,936.06,232.32
ORD-10962,2023-05-31,North,Electronics,Keyboard,Corporate,9,233.96,0.0,2105.64,490.3
ORD-10963,2023-07-26,Central,Electronics,Smartphone,Corporate,3,812.13,0.1,2192.75,326.12
ORD-10964,2024-12-25,North,Office Supplies,Pen Set,Home Office,4,56.54,0.0,226.16,30.31
ORD-10965,2023-11-30,West,Office Supplies,Notebook,Consumer,3,20.9,0.0,62.7,15.69
ORD-10966,2024-03-21,Central,Office Supplies,Printer Paper,Consumer,5,44.89,0.05,213.23,70.87
ORD-10967,2023-10-13,Central,Electronics,Headphones,Home Office,6,553.11,0.0,3318.66,873.19
ORD-10968,2024-10-24,North,Electronics,Smartphone,Consumer,3,110.37,0.0,331.11,56.43
ORD-10969,2024-12-12,Central,Office Supplies,Pen Set,Home Office,1,24.85,0.1,22.36,6.72
ORD-10970,2023-09-24,East,Furniture,Desk,Corporate,3,704.43,0.1,1901.96,225.29
ORD-10971,2024-12-02,East,Furniture,Chair,Home Office,5,480.54,0.0,2402.7,391.76
ORD-10972,2024-09-18,West,Electronics,Smartphone,Home Office,5,554.08,0.2,2216.32,286.68
ORD-10973,2024-11-14,,Office Supplies,Stapler,Consumer,2,49.37,0.0,98.74,12.2
ORD-10974,2023-12-26,West,Furniture,Desk,Corporate,5,505.67,0.0,2528.35,546.5
ORD-10975,2023-11-16,North,Office Supplies,Notebook,Consumer,4,22.16,0.05,84.21,7.14
ORD-10976,2024-07-14,Central,Office Supplies,Folder,Corporate,4,44.41,0.05,168.76,26.47
ORD-10977,2023-08-30,Central,Office Supplies,Folder,Consumer,3,27.67,0.1,74.71,5.27
ORD-10978,2023-04-22,Central,Electronics,Monitor,Consumer,2,239.37,0.15,406.93,69.61
ORD-10979,2024-06-11,East,Office Supplies,Printer Paper,Consumer,6,50.86,0.1,274.64,29.0
ORD-10980,2023-04-01,South,Office Supplies,Stapler,Home Office,3,13.16,0.0,39.48,10.61
ORD-10981,2023-04-27,South,Electronics,Headphones,Corporate,4,124.9,0.05,474.62,129.71
ORD-10982,2023-02-13,East,Furniture,Desk,Consumer,1,54.1,0.05,51.4,3.25
ORD-10983,2024-05-25,Central,Furniture,Bookshelf,Corporate,4,505.18,0.0,2020.72,545.41
ORD-10984,2024-07-05,North,Electronics,Headphones,Corporate,7,111.35,0.05,740.48,149.43
ORD-10985,2023-08-18,North,Furniture,Chair,Consumer,3,559.14,0.1,1509.68,315.64
ORD-10986,2024-07-24,Central,Furniture,Desk,Home Office,5,487.93,0.05,2317.67,345.31
ORD-10987,2024-09-16,South,Electronics,Laptop,Corporate,2,953.67,0.2,1525.87,366.09
ORD-10988,2023-07-18,Central,Electronics,Smartphone,Corporate,5,250.42,0.05,1189.49,290.75
ORD-10989,2023-03-18,West,Office Supplies,Notebook,Home Office,1,21.51,0.1,19.36,2.49
ORD-10990,2023-07-22,East,Furniture,Sofa,Consumer,8,450.62,0.1,3244.46,868.97
ORD-10991,2023-08-08,East,Office Supplies,Folder,Home Office,4,16.48,0.05,62.62,20.8
ORD-10992,2023-04-22,North,Office Supplies,Pen Set,Corporate,5,17.7,0.0,88.5,27.91
ORD-10993,2024-03-13,North,Furniture,Desk,Corporate,2,294.77,0.2,471.63,74.72
ORD-10994,2024-08-05,North,Electronics,Keyboard,Corporate,2,838.73,0.1,1509.71,242.11
ORD-10995,2024-05-18,North,Office Supplies,Notebook,Corporate,3,9.31,0.15,23.74,7.64
ORD-10996,2023-08-04,North,Office Supplies,Pen Set,Home Office,2,28.14,0.1,50.65,3.19
ORD-10997,2023-04-13,Central,Office Supplies,Notebook,Corporate,5,14.92,0.05,70.87,10.28
ORD-10998,2023-08-09,East,Furniture,Sofa,Consumer,5,491.34,0.15,2088.19,430.5
ORD-10999,2023-09-09,South,Office Supplies,Stapler,Consumer,3,19.72,0.0,59.16,7.41
ORD-11000,2023-06-12,Central,Furniture,Sofa,Home Office,8,399.33,0.05,3034.91,890.79
ORD-11001,2023-08-29,North,Furniture,Lamp,Home Office,9,574.51,0.0,5170.59,517.73
ORD-11002,2024-01-25,North,Furniture,Lamp,Home Office,2,745.89,0.1,1342.6,185.29
ORD-11003,2024-10-25,Central,Office Supplies,Pen Set,Corporate,2,21.89,0.0,43.78,3.21
ORD-11004,2024-12-02,West,Electronics,Keyboard,Consumer,8,767.17,0.15,5216.76,941.59
ORD-11005,2024-09-14,West,Office Supplies,Pen Set,Consumer,2,22.83,0.1,41.09,7.35
ORD-11006,2024-10-28,West,Electronics,Laptop,Home Office,6,1198.4,0.05,6830.88,2048.7
ORD-11007,2023-07-24,North,Electronics,Smartphone,Consumer,7,1091.31,0.0,7639.17,1708.24
ORD-11008,2024-02-22,West,Furniture,Chair,Consumer,9,392.54,0.0,3532.86,650.31
ORD-11009,2023-11-28,North,Furniture,Sofa,Home Office,5,392.84,0.0,1964.2,390.19
ORD-11010,2024-02-03,Central,Furniture,Desk,Corporate,3,234.47,0.0,703.41,180.68
ORD-11011,2023-04-07,South,Electronics,Headphones,Consumer,3,340.65,0.0,1021.95,56.86
ORD-11012,2023-10-14,North,Office Supplies,Pen Set,Corporate,5,25.63,0.05,121.74,22.5
ORD-11013,2024-02-17,East,Electronics,Keyboard,Home Office,8,730.41,0.0,5843.28,301.97
ORD-11014,2024-02-20,West,Electronics,Monitor,Consumer,9,543.72,0.05,4648.81,1362.39
ORD-11015,2024-01-28,Central,Electronics,Smartphone,Home Office,1,336.0,0.1,302.4,96.14
ORD-11016,2024-10-16,East,Furniture,Desk,Home Office,6,136.84,0.1,738.94,102.58
ORD-11017,2024-08-26,West,Electronics,Keyboard,Consumer,9,900.25,0.15,6886.91,356.02
ORD-11018,2023-07-14,East,Electronics,Monitor,Corporate,8,824.13,0.0,6593.04,2294.06
ORD-11019,2023-10-12,East,Office Supplies,Printer Paper,Home Office,8,11.38,0.15,77.38,9.02
ORD-11020,2023-04-10,East,Electronics,Monitor,Home Office,8,266.76,0.2,1707.26,169.74
ORD-11021,2024-09-09,South,Furniture,Desk,Home Office,9,631.58,0.0,5684.22,1334.54
ORD-11022,2024-09-24,West,Office Supplies,Stapler,Home Office,4,58.46,0.05,222.15,19.11
ORD-11023,2023-03-11,Central,Furniture,Chair,Consumer,8,654.92,0.0,5239.36,389.72
ORD-11024,2024-06-25,East,Furniture,Sofa,Consumer,1,514.56,0.15,437.38,57.95
ORD-11025,2023-06-18,East,Electronics,Monitor,Consumer,6,177.76,0.1,959.9,220.69
ORD-11026,2023-06-02,North,Office Supplies,Notebook,Consumer,7,53.95,0.0,377.65,26.25
ORD-11027,2024-11-14,East,Furniture,Bookshelf,Home Office,5,403.19,0.1,1814.36,571.83
ORD-11028,2023-07-06,West,Office Supplies,Folder,Home Office,9,15.39,0.0,138.51,11.18
ORD-11029,2024-03-15,East,Office Supplies,Pen Set,Consumer,5,11.43,0.1,51.44,8.99
ORD-11030,2023-10-15,Central,Office Supplies,Notebook,Consumer,8,12.06,0.1,86.83,30.22
ORD-11031,2024-11-05,East,Electronics,Headphones,Corporate,2,830.23,0.0,1660.46,161.64
ORD-11032,2023-07-06,West,Electronics,Monitor,Consumer,9,560.38,0.1,4539.08,442.29
ORD-11033,2023-03-25,North,Electronics,Keyboard,Consumer,6,224.07,0.0,1344.42,304.89
ORD-11034,2023-01-07,East,Office Supplies,Folder,Consumer,7,25.54,0.0,178.78,55.8
ORD-11035,2023-06-05,East,Furniture,Sofa,Consumer,9,104.58,0.05,894.16,278.03
ORD-11036,2023-06-20,South,Electronics,Headphones,Consumer,2,352.96,0.0,705.92,120.05
ORD-11037,2023-12-15,West,Office Supplies,Stapler,Corporate,1,19.94,0.0,19.94,5.53
ORD-11038,2024-03-07,West,Office Supplies,Printer Paper,Home Office,5,13.41,0.05,63.7,18.33
ORD-11039,2024-07-08,North,Electronics,Smartphone,Corporate,7,233.93,0.15,1391.88,373.0
ORD-11040,2024-03-19,South,Electronics,Monitor,Home Office,2,699.11,0.0,1398.22,149.44
ORD-11041,2024-05-29,South,Furniture,Chair,Consumer,3,153.31,0.2,367.94,98.31
ORD-11042,2023-02-09,North,Furniture,Desk,Home Office,3,303.45,0.0,910.35,216.87
ORD-11043,2023-02-14,Central,Electronics,Smartphone,Corporate,9,1026.43,0.0,9237.87,2955.98
ORD-11044,2024-06-13,South,Furniture,Chair,Home Office,3,259.85,0.05,740.57,78.34
ORD-11045,2023-02-08,South,Furniture,Chair,Consumer,4,612.23,0.0,2448.92,455.88
ORD-11046,2024-04-10,East,Office Supplies,Printer Paper,Consumer,6,48.15,0.0,288.9,38.21
ORD-11047,2023-05-03,South,Furniture,Sofa,Consumer,2,687.7,0.1,1237.86,139.54
ORD-11048,2023-11-16,North,Electronics,Laptop,Corporate,7,543.98,0.15,3236.68,370.83
ORD-11049,2023-02-16,South,Furniture,Desk,Corporate,4,759.34,0.1,2733.62,842.66
ORD-11050,2024-03-09,South,Furniture,Chair,Home Office,7,68.88,0.15,409.84,88.56
ORD-11051,2024-03-12,North,Furniture,Lamp,Home Office,4,574.17,0.0,2296.68,739.15
ORD-11052,2024-06-17,West,Electronics,Keyboard,Corporate,8,1100.16,0.05,8361.22,858.59
ORD-11053,2023-03-22,North,Office Supplies,Folder,Corporate,7,43.66,0.05,290.34,100.89
ORD-11054,2024-07-26,South,Furniture,Desk,Home Office,9,457.93,0.05,3915.3,313.56
ORD-11055,2024-01-03,North,Electronics,Laptop,Corporate,5,458.88,0.0,2294.4,440.36
ORD-11056,2023-10-21,South,Electronics,Laptop,Corporate,9,1126.37,0.0,10137.33,851.82
ORD-11057,2024-01-20,East,Office Supplies,Notebook,Consumer,1,2.45,0.05,2.33,0.34
ORD-11058,2024-03-03,North,Electronics,Monitor,Consumer,1,328.4,0.0,328.4,52.21
ORD-11059,2024-08-20,North,Furniture,Desk,Consumer,1,71.07,0.15,60.41,14.22
ORD-11060,2023-05-23,West,Office Supplies,Printer Paper,Corporate,6,36.68,,220.08,16.38
ORD-11061,2024-09-25,South,Electronics,Keyboard,Corporate,2,344.88,0.05,655.27,220.37
ORD-11062,2024-02-18,West,Office Supplies,Stapler,Corporate,5,26.53,0.1,119.38,27.98
ORD-11063,2024-06-25,Central,Furniture,Lamp,Home Office,2,389.92,0.05,740.85,252.49
ORD-11064,2023-08-12,South,Furniture,Bookshelf,Corporate,2,505.86,0.0,1011.72,104.68
ORD-11065,2023-08-14,Central,Office Supplies,Stapler,Consumer,2,56.83,0.15,96.61,9.35
ORD-11066,2023-08-30,North,Office Supplies,Stapler,Home Office,4,33.15,0.0,132.6,25.85
ORD-11067,2024-12-30,North,Furniture,Bookshelf,Home Office,1,418.01,0.0,418.01,56.21
ORD-11068,2023-12-07,South,Electronics,Laptop,Corporate,7,1044.07,0.1,6577.64,509.51
ORD-11069,2024-07-14,West,Electronics,Laptop,Consumer,9,835.16,0.15,6388.97,1009.68
ORD-11070,2024-01-18,Central,Furniture,Desk,Consumer,4,352.53,0.0,1410.12,149.56
ORD-11071,2023-02-08,West,Electronics,Monitor,Home Office,2,1062.12,0.0,2124.24,107.05
ORD-11072,2024-10-19,North,Electronics,Keyboard,Consumer,6,549.58,0.15,2802.86,525.9
ORD-11073,2023-09-24,Central,Office Supplies,Pen Set,Consumer,8,57.38,0.2,367.23,51.84
ORD-11074,2024-01-23,North,Office Supplies,Folder,Home Office,5,31.46,0.1,141.57,20.18
ORD-11075,2024-09-11,East,Electronics,Headphones,Corporate,5,148.72,0.1,669.24,162.65
ORD-11076,2023-10-09,East,Furniture,Chair,Home Office,2,500.1,0.1,900.18,192.47
ORD-11077,2024-11-24,South,Office Supplies,Pen Set,Corporate,7,14.27,0.05,94.9,28.66
ORD-11078,2024-12-24,South,Furniture,Desk,Corporate,9,736.64,0.05,6298.27,1761.31
ORD-11079,2024-05-01,East,Electronics,Headphones,Consumer,3,338.09,0.2,811.42,78.96
ORD-11080,2023-03-19,South,Office Supplies,Folder,Consumer,3,5.16,0.15,13.16,1.73
ORD-11081,2023-04-29,North,Furniture,Lamp,Consumer,4,80.81,0.05,307.08,76.32
ORD-11082,2024-08-18,Central,Electronics,Smartphone,Corporate,5,1137.72,0.1,5119.74,726.56
ORD-11083,2024-12-13,Central,Electronics,Smartphone,Home Office,3,397.84,0.1,1074.17,133.85
ORD-11084,2024-10-29,South,Furniture,Sofa,Corporate,9,481.95,0.05,4120.67,817.5
ORD-11085,2024-10-30,Central,Electronics,Smartphone,Consumer,5,672.89,0.0,3364.45,553.09
ORD-11086,2023-08-31,Central,Electronics,Smartphone,Home Office,2,318.74,0.0,637.48,37.89
ORD-11087,2024-01-11,East,Electronics,Smartphone,Corporate,3,492.77,0.1,1330.48,423.97
ORD-11088,2023-02-12,West,Office Supplies,Notebook,Corporate,5,49.93,0.0,249.65,59.7
ORD-11089,2024-10-21,South,Office Supplies,Printer Paper,Corporate,5,36.76,0.1,165.42,32.59
ORD-11090,2023-10-26,North,Electronics,Headphones,Consumer,2,376.97,0.0,753.94,73.52
ORD-11091,2023-10-04,Central,Furniture,Desk,Corporate,1,176.68,0.2,141.34,43.1
ORD-11092,2023-11-04,East,Furniture,Bookshelf,Corporate,6,370.67,0.0,2224.02,668.93
ORD-11093,2023-01-31,North,Electronics,Headphones,Consumer,8,1042.8,0.1,7508.16,2054.53
ORD-11094,2024-07-13,North,Office Supplies,Folder,Corporate,3,41.6,0.0,124.8,43.21
ORD-11095,2023-08-16,West,Electronics,Keyboard,Corporate,8,376.76,0.0,3014.08,333.37
ORD-11096,2024-05-29,West,Office Supplies,Stapler,Corporate,6,39.14,0.0,234.84,16.84
ORD-11097,2023-12-12,North,Electronics,Keyboard,Consumer,3,1089.31,0.1,2941.14,253.68
ORD-11098,2023-12-10,South,Office Supplies,Stapler,Consumer,8,15.52,,99.33,7.45
ORD-11099,2024-05-08,South,Electronics,Laptop,Consumer,7,1078.92,0.0,7552.44,1220.24
ORD-11100,2024-11-22,Central,Office Supplies,Folder,Consumer,2,40.71,0.0,81.42,7.75
ORD-11101,2023-08-12,West,Office Supplies,Printer Paper,Consumer,1,49.73,0.1,44.76,4.64
ORD-11102,2024-05-12,Central,Furniture,Desk,Corporate,5,405.83,0.0,2029.15,253.87
ORD-11103,2023-02-20,East,Office Supplies,Stapler,Corporate,5,12.11,0.1,54.5,10.76
ORD-11104,2024-02-01,West,Office Supplies,Stapler,Home Office,5,29.45,0.1,132.52,12.93
ORD-11105,2023-05-03,Central,Furniture,Bookshelf,Consumer,5,266.32,0.2,1065.28,110.34
ORD-11106,2023-01-06,North,Office Supplies,Pen Set,Corporate,6,13.35,0.0,80.1,13.03
ORD-11107,2024-09-12,West,Office Supplies,Folder,Home Office,1,57.66,0.05,54.78,10.22
ORD-11108,2023-04-23,Central,Electronics,Laptop,Home Office,7,146.49,0.15,871.62,181.52
ORD-11109,2023-07-18,North,Office Supplies,Stapler,Home Office,3,58.41,0.0,175.23,53.61
ORD-11110,2024-06-16,East,Office Supplies,Stapler,Consumer,5,58.0,0.1,261.0,65.22
ORD-11111,2024-05-30,West,Furniture,Chair,Consumer,2,103.8,0.2,166.08,47.35
ORD-11112,2023-11-07,East,Furniture,Sofa,Corporate,4,702.63,0.0,2810.52,887.81
ORD-11113,2023-04-30,Central,Electronics,Monitor,Consumer,6,710.6,0.0,4263.6,947.66
ORD-11114,2023-07-20,East,Furniture,Desk,Home Office,6,505.93,0.1,2732.02,889.09
ORD-11115,2024-07-11,East,Office Supplies,Printer Paper,Consumer,2,32.96,0.0,65.92,8.95
ORD-11116,2024-03-03,West,Furniture,Lamp,Consumer,9,53.94,0.15,412.64,106.73
ORD-11117,2023-07-24,West,Furniture,Lamp,Consumer,7,577.09,,4039.63,1411.69
ORD-11118,2024-08-30,West,Electronics,Headphones,Corporate,7,206.82,0.0,1447.74,290.97
ORD-11119,2023-08-08,North,Electronics,Keyboard,Consumer,2,90.43,0.0,180.86,12.58
ORD-11120,2023-09-28,South,Furniture,Sofa,Consumer,6,276.11,0.0,1656.66,137.64
ORD-11121,2024-10-25,West,Furniture,Sofa,Consumer,3,474.78,,1139.47,183.0
ORD-11122,2023-04-22,North,Office Supplies,Stapler,Corporate,3,14.52,0.1,39.2,4.09
ORD-11123,2023-10-02,Central,Office Supplies,Printer Paper,Corporate,4,34.48,0.05,131.02,6.69
ORD-11124,2024-07-20,North,Furniture,Lamp,Corporate,3,285.67,0.05,814.16,149.19
ORD-11125,2023-03-28,North,Office Supplies,Printer Paper,Corporate,9,39.39,0.05,336.78,115.99
ORD-11126,2024-05-25,South,Office Supplies,Stapler,Home Office,4,3.88,0.05,14.74,2.58
ORD-11127,2024-10-25,Central,Electronics,Headphones,Corporate,8,939.12,0.1,6761.66,1157.05
ORD-11128,2024-03-19,Central,Furniture,Sofa,Home Office,8,245.52,0.2,1571.33,207.22
ORD-11129,2024-02-03,East,Furniture,Lamp,Corporate,1,776.33,0.0,776.33,97.74
ORD-11130,2023-12-21,South,Electronics,Keyboard,Consumer,4,296.72,0.05,1127.54,335.17
ORD-11131,2024-11-12,East,Electronics,Smartphone,Home Office,3,1138.93,0.0,3416.79,662.12
ORD-11132,2023-05-22,South,Furniture,Bookshelf,Home Office,7,459.39,0.0,3215.73,996.99
ORD-11133,2023-01-21,South,Furniture,Desk,Corporate,7,579.81,0.0,4058.67,1281.04
ORD-11134,2024-07-30,West,Furniture,Bookshelf,Corporate,1,161.07,0.2,128.86,38.01
ORD-11135,2023-10-21,East,Furniture,Desk,Corporate,9,240.66,0.05,2057.64,469.0
ORD-11136,2023-09-02,South,Electronics,Headphones,Home Office,7,117.28,0.05,779.91,129.62
ORD-11137,2023-05-13,Central,Office Supplies,Stapler,Consumer,1,4.66,0.15,3.96,1.3
ORD-11138,2023-06-26,East,Office Supplies,Printer Paper,Home Office,6,34.99,0.0,209.94,30.43
ORD-11139,2024-12-07,Central,Electronics,Laptop,Consumer,7,164.48,0.05,1093.79,126.8
ORD-11140,2023-12-06,North,Furniture,Bookshelf,Consumer,2,744.14,0.0,1488.28,163.31
ORD-11141,2023-06-05,South,Electronics,Headphones,Corporate,4,1081.78,0.05,4110.76,514.47
ORD-11142,2023-11-05,South,Furniture,Desk,Corporate,1,553.25,0.0,553.25,91.41
ORD-11143,2024-12-01,South,Office Supplies,Notebook,Consumer,1,11.85,0.0,11.85,2.4
ORD-11144,2024-01-02,West,Furniture,Sofa,Home Office,8,67.79,0.05,515.2,55.84
ORD-11145,2024-09-05,East,Office Supplies,Stapler,Home Office,2,52.01,0.0,104.02,10.58
ORD-11146,2024-04-03,West,Furniture,Desk,Consumer,9,172.58,0.1,1397.9,168.58
ORD-11147,2023-10-31,North,Electronics,Smartphone,Corporate,7,561.32,0.0,3929.24,578.21
ORD-11148,2024-01-10,South,Furniture,Lamp,Consumer,6,555.28,0.1,2998.51,636.61
ORD-11149,2023-08-01,Central,Electronics,Monitor,Consumer,2,781.8,0.0,1563.6,283.31
ORD-11150,2024-07-07,North,Electronics,Smartphone,Corporate,3,564.49,0.0,1693.47,415.7
ORD-11151,2023-10-28,South,Office Supplies,Stapler,Consumer,9,56.46,0.0,508.14,79.76
ORD-11152,2023-01-08,Central,Furniture,Bookshelf,Home Office,2,190.25,0.0,380.5,118.09
ORD-11153,2023-05-01,Central,Furniture,Sofa,Home Office,5,489.43,0.05,2324.79,725.21
ORD-11154,2023-01-24,Central,Electronics,Headphones,Home Office,2,1030.64,0.15,1752.09,209.88
ORD-11155,2023-07-17,Central,Electronics,Smartphone,Consumer,6,146.38,0.05,834.37,131.98
ORD-11156,2024-03-01,South,Office Supplies,Folder,Corporate,3,34.11,0.05,97.21,27.33
ORD-11157,2023-01-12,West,Office Supplies,Printer Paper,Home Office,1,42.26,0.15,35.92,3.78
ORD-11158,2023-06-13,North,Electronics,Laptop,Consumer,5,1104.9,0.15,4695.82,1297.95
ORD-11159,2023-03-07,East,Office Supplies,Printer Paper,Home Office,9,10.28,0.05,87.89,9.77
ORD-11160,2024-04-13,,Furniture,Chair,Home Office,3,264.39,0.1,713.85,80.04
ORD-11161,2024-10-09,South,Office Supplies,Folder,Corporate,7,39.56,0.05,263.07,83.66
ORD-11162,2023-04-13,West,Furniture,Bookshelf,Consumer,3,781.41,0.1,2109.81,309.23
ORD-11163,2024-10-13,West,Electronics,Headphones,Corporate,8,585.48,0.05,4449.65,476.52
ORD-11164,2023-03-08,South,Furniture,Bookshelf,Corporate,3,633.51,0.0,1900.53,344.53
ORD-11165,2023-03-04,North,Electronics,Keyboard,Consumer,3,514.98,0.0,1544.94,381.48
ORD-11166,2024-12-06,South,Furniture,Lamp,Corporate,6,562.33,0.05,3205.28,1069.67
ORD-11167,2023-08-05,South,Office Supplies,Stapler,Home Office,3,4.27,0.2,10.25,3.41
ORD-11168,2024-02-07,Central,Office Supplies,Printer Paper,Consumer,7,19.56,0.0,136.92,42.37
ORD-11169,2024-05-20,South,Electronics,Headphones,Home Office,5,1072.52,0.0,5362.6,1781.32
ORD-11170,2024-10-18,North,Furniture,Chair,Home Office,8,183.57,0.0,1468.56,330.79
ORD-11171,2023-12-30,South,Office Supplies,Notebook,Home Office,3,51.33,0.1,138.59,18.8
ORD-11172,2023-09-08,West,Office Supplies,Pen Set,Corporate,2,9.73,0.1,17.51,5.98
ORD-11173,2023-10-24,East,Electronics,Smartphone,Home Office,7,1095.22,0.0,7666.54,625.54
ORD-11174,2023-04-03,East,Office Supplies,Pen Set,Consumer,1,29.4,0.0,29.4,8.03
ORD-11175,2024-01-17,North,Furniture,Bookshelf,Home Office,5,715.33,0.2,2861.32,601.0
ORD-11176,2023-01-21,North,Furniture,Chair,Home Office,7,487.43,0.05,3241.41,645.6
ORD-11177,2024-10-09,East,Furniture,Chair,Corporate,4,542.38,0.05,2061.04,538.97
ORD-11178,2023-05-19,East,Electronics,Keyboard,Corporate,3,263.06,0.05,749.72,190.83
ORD-11179,2024-04-02,North,Electronics,Keyboard,Consumer,7,881.86,0.0,6173.02,1436.29
ORD-11180,2023-07-06,North,Furniture,Desk,Consumer,9,616.06,0.0,5544.54,753.86
ORD-11181,2023-07-05,East,Electronics,Laptop,Corporate,7,604.09,0.05,4017.2,1152.26
ORD-11182,2024-09-15,North,Office Supplies,Pen Set,Consumer,2,11.78,0.0,23.56,7.87
ORD-11183,2023-12-01,East,Office Supplies,Printer Paper,Consumer,8,35.71,0.0,285.68,62.26
ORD-11184,2024-09-07,West,Furniture,Bookshelf,Corporate,8,183.89,0.0,1471.12,473.35
ORD-11185,2024-11-19,West,Electronics,Keyboard,Consumer,9,1147.28,0.0,10325.52,1501.74
ORD-11186,2023-06-19,East,Electronics,Monitor,Home Office,7,528.19,0.0,3697.33,913.41
ORD-11187,2024-03-01,West,Furniture,Sofa,Consumer,2,201.82,0.0,403.64,48.58
ORD-11188,2023-07-07,South,Electronics,Smartphone,Home Office,2,992.16,0.2,1587.46,455.88
ORD-11189,2023-10-23,West,Furniture,Lamp,Home Office,3,443.67,0.15,1131.36,355.02
ORD-11190,2024-06-27,South,Office Supplies,Notebook,Home Office,2,22.6,0.1,40.68,7.25
ORD-11191,2024-02-15,East,Electronics,Keyboard,Consumer,2,338.42,0.0,676.84,158.37
ORD-11192,2024-01-09,South,Furniture,Desk,Corporate,9,48.84,0.0,439.56,74.19
ORD-11193,2024-07-07,East,Office Supplies,Pen Set,Corporate,4,49.41,0.05,187.76,46.15
ORD-11194,2023-01-09,Central,Electronics,Monitor,Home Office,6,327.77,0.15,1671.63,87.29
ORD-11195,2024-11-11,North,Electronics,Laptop,Corporate,8,182.95,0.1,1317.24,116.5
ORD-11196,2024-06-27,Central,Office Supplies,Stapler,Corporate,7,49.69,0.1,313.05,34.51
ORD-11197,2024-07-06,North,Electronics,Monitor,Home Office,5,635.94,0.0,3179.7,450.69
ORD-11198,2023-08-09,South,Electronics,Headphones,Home Office,1,760.75,0.1,684.68,142.59
ORD-11199,2023-01-11,East,Furniture,Bookshelf,Home Office,5,537.48,0.1,2418.66,228.06
ORD-11200,2023-07-31,Central,Furniture,Desk,Consumer,1,590.42,0.0,590.42,95.35
ORD-11201,2024-03-03,South,Electronics,Smartphone,Consumer,3,878.44,0.2,2108.26,128.34
ORD-11202,2023-07-09,West,Office Supplies,Folder,Consumer,5,48.67,0.2,194.68,35.83
ORD-11203,2024-09-16,Central,Office Supplies,Pen Set,Corporate,6,44.63,0.0,267.78,65.63
ORD-11204,2024-11-11,East,Office Supplies,Pen Set,Home Office,5,55.2,0.0,276.0,21.54
ORD-11205,2024-08-12,West,Electronics,Headphones,Consumer,1,1028.31,0.1,925.48,313.7
ORD-11206,2024-04-13,North,Electronics,Keyboard,Corporate,8,632.47,0.05,4806.77,883.54
ORD-11207,2023-04-01,South,Electronics,Keyboard,Home Office,9,677.02,0.1,5483.86,923.81
ORD-11208,2024-08-12,East,Office Supplies,Pen Set,Consumer,9,57.68,0.1,467.21,141.32
ORD-11209,2023-03-18,West,Office Supplies,Folder,Corporate,4,52.0,0.2,166.4,33.18
ORD-11210,2024-09-21,East,Furniture,Bookshelf,Home Office,6,193.27,0.2,927.7,248.05
ORD-11211,2023-04-21,Central,Furniture,Chair,Corporate,7,119.05,0.2,666.68,121.85
ORD-11212,2023-05-13,East,Electronics,Smartphone,Corporate,1,723.34,0.05,687.17,159.21
ORD-11213,2023-06-19,North,Furniture,Desk,Consumer,2,259.51,0.0,519.02,30.0
ORD-11214,2024-01-14,West,Electronics,Smartphone,Consumer,8,176.98,0.0,1415.84,211.11
ORD-11215,2023-10-05,North,Electronics,Keyboard,Consumer,3,218.71,0.05,623.32,172.43
ORD-11216,2023-12-27,Central,Office Supplies,Notebook,Home Office,4,10.47,0.05,39.79,3.43
ORD-11217,2024-07-30,South,Office Supplies,Stapler,Corporate,1,35.35,0.0,35.35,2.21
ORD-11218,2023-04-13,East,Furniture,Bookshelf,Consumer,2,563.54,0.0,1127.08,158.97
ORD-11219,2024-01-22,East,Furniture,Bookshelf,Corporate,8,409.39,0.05,3111.36,419.25
ORD-11220,2023-07-08,South,Office Supplies,Folder,Consumer,4,39.47,0.1,142.09,38.19
ORD-11221,2024-02-10,North,Electronics,Laptop,Corporate,6,860.55,0.1,4646.97,1023.95
ORD-11222,2024-09-04,East,Office Supplies,Notebook,Corporate,8,18.76,0.0,150.08,36.29
ORD-11223,2023-03-14,South,Office Supplies,Printer Paper,Home Office,3,40.73,0.1,109.97,27.73
ORD-11224,2024-10-19,East,Electronics,Headphones,Consumer,5,407.31,0.0,2036.55,600.03
ORD-11225,2023-07-20,North,Furniture,Lamp,Corporate,4,70.28,0.0,281.12,87.87
ORD-11226,2023-01-07,Central,Office Supplies,Printer Paper,Consumer,4,30.77,0.15,104.62,8.33
ORD-11227,2024-04-06,Central,Electronics,Keyboard,Home Office,2,218.96,0.05,416.02,128.72
ORD-11228,2024-10-20,East,Furniture,Bookshelf,Home Office,1,691.9,0.2,553.52,134.8
ORD-11229,2024-06-29,North,Furniture,Chair,Corporate,5,117.18,0.15,498.02,163.64
ORD-11230,2023-09-23,West,Office Supplies,Folder,Home Office,8,16.17,0.0,129.36,8.03
ORD-11231,2023-10-08,South,Furniture,Bookshelf,Consumer,4,766.02,0.1,2757.67,367.49
ORD-11232,2024-05-02,South,Office Supplies,Stapler,Consumer,3,57.04,0.05,162.56,9.49
ORD-11233,2023-01-01,East,Electronics,Monitor,Home Office,4,612.37,0.2,1959.58,114.26
ORD-11234,2024-09-01,Central,Office Supplies,Notebook,Home Office,7,4.33,0.0,30.31,3.18
ORD-11235,2023-03-06,North,Electronics,Smartphone,Corporate,6,860.56,0.05,4905.19,883.88
ORD-11236,2023-10-26,North,Furniture,Desk,Home Office,8,340.31,0.0,2722.48,699.99
ORD-11237,2023-03-15,West,Electronics,Keyboard,Corporate,1,1152.4,0.05,1094.78,176.78
ORD-11238,2024-05-12,North,Electronics,Monitor,Consumer,1,402.67,0.0,402.67,79.6
ORD-11239,2024-07-20,North,Office Supplies,Stapler,Corporate,4,12.81,0.1,46.12,12.98
ORD-11240,2023-12-05,Central,Electronics,Smartphone,Corporate,9,428.16,0.1,3468.1,859.67
ORD-11241,2024-05-19,West,Office Supplies,Stapler,Consumer,8,42.98,0.0,343.84,101.8
ORD-11242,2023-06-28,West,Office Supplies,Stapler,Consumer,7,35.99,0.0,251.93,38.32
ORD-11243,2023-07-20,East,Electronics,Laptop,Corporate,7,941.85,0.1,5933.66,486.44
ORD-11244,2023-02-21,Central,Office Supplies,Printer Paper,Consumer,5,47.77,0.05,226.91,19.65
ORD-11245,2023-03-04,North,Office Supplies,Printer Paper,Consumer,9,38.44,0.0,345.96,103.21
ORD-11246,2024-08-23,South,Furniture,Lamp,Corporate,3,179.26,0.05,510.89,53.81
ORD-11247,2024-02-27,North,Office Supplies,Stapler,Corporate,9,22.67,0.15,173.43,54.79
ORD-11248,2023-06-19,East,Electronics,Keyboard,Corporate,1,621.12,0.0,621.12,119.23
ORD-11249,2024-08-19,North,Furniture,Lamp,Corporate,9,799.92,0.0,7199.28,446.61
ORD-11250,2024-05-17,East,Electronics,Keyboard,Corporate,6,297.1,0.05,1693.47,436.0
ORD-11251,2024-02-25,Central,Office Supplies,Printer Paper,Consumer,3,25.89,0.2,62.14,20.1
ORD-11252,2024-07-02,South,Electronics,Monitor,Home Office,3,759.24,0.05,2163.83,332.8
ORD-11253,2023-07-03,East,Electronics,Laptop,Home Office,7,87.76,0.0,614.32,213.19
ORD-11254,2024-07-06,West,Furniture,Desk,Corporate,8,207.83,0.2,1330.11,239.58
ORD-11255,2023-02-13,Central,Furniture,Chair,Consumer,6,343.89,0.1,1857.01,493.19
ORD-11256,2024-02-02,East,Office Supplies,Notebook,Consumer,9,39.42,0.2,283.82,69.85
ORD-11257,2023-09-12,East,Furniture,Desk,Consumer,3,613.44,0.0,1840.32,161.82
ORD-11258,2023-09-23,West,Furniture,Desk,Corporate,8,127.94,0.1,921.17,63.18
ORD-11259,2023-08-10,West,Furniture,Desk,Home Office,4,626.2,0.1,2254.32,343.74
ORD-11260,2024-04-24,East,Electronics,Keyboard,Corporate,7,256.52,0.05,1705.86,484.12
ORD-11261,2023-05-14,West,Furniture,Chair,Home Office,3,662.55,0.1,1788.88,203.84
ORD-11262,2024-02-12,North,Furniture,Bookshelf,Consumer,7,246.52,0.1,1553.08,317.12
ORD-11263,2023-04-08,South,Electronics,Smartphone,Consumer,3,944.29,0.05,2691.23,551.26
ORD-11264,2023-10-23,North,Electronics,Laptop,Corporate,6,946.08,0.05,5392.66,667.99
ORD-11265,2023-12-14,Central,Furniture,Chair,Corporate,6,325.3,0.0,1951.8,613.6
ORD-11266,2024-11-01,West,Electronics,Laptop,Consumer,8,1011.53,0.05,7687.63,1081.67
ORD-11267,2024-09-22,South,Furniture,Desk,Home Office,2,737.91,0.05,1402.03,438.41
ORD-11268,2024-05-04,South,Furniture,Lamp,Home Office,1,347.9,0.0,347.9,75.78
ORD-11269,2024-02-10,East,Office Supplies,Pen Set,Corporate,5,40.13,0.0,200.65,17.96
ORD-11270,2023-08-12,South,Furniture,Sofa,Home Office,1,475.99,0.0,475.99,60.23
ORD-11271,2024-03-29,Central,Furniture,Bookshelf,Consumer,1,273.54,0.15,232.51,24.88
ORD-11272,2023-02-17,North,Furniture,Desk,Consumer,7,570.91,0.2,3197.1,1054.17
ORD-11273,2023-10-12,North,Electronics,Headphones,Home Office,6,408.16,0.15,2081.62,327.19
ORD-11274,2023-10-04,West,Furniture,Desk,Home Office,8,387.55,0.05,2945.38,509.41
ORD-11275,2024-03-18,Central,Office Supplies,Printer Paper,Corporate,9,35.1,0.0,315.9,69.65
ORD-11276,2023-05-21,South,Furniture,Lamp,Corporate,7,448.33,0.1,2824.48,969.96
ORD-11277,2023-01-17,West,Office Supplies,Printer Paper,Consumer,8,53.01,0.0,424.08,70.25
ORD-11278,2024-07-27,North,Office Supplies,Folder,Home Office,7,25.34,0.15,150.77,20.65
ORD-11279,2023-03-28,Central,Office Supplies,Notebook,Corporate,8,34.87,0.05,265.01,36.33
ORD-11280,2023-01-16,East,Furniture,Bookshelf,Home Office,8,488.47,0.0,3907.76,215.23
ORD-11281,2024-10-13,West,Electronics,Laptop,Corporate,8,201.63,0.0,1613.04,531.41
ORD-11282,2024-06-02,Central,Office Supplies,Printer Paper,Corporate,2,44.75,0.0,89.5,10.49
ORD-11283,2024-01-03,North,Electronics,Headphones,Corporate,9,1075.56,0.1,8712.04,2393.92
ORD-11284,2023-07-01,Central,Electronics,Laptop,Corporate,8,529.94,0.05,4027.54,350.28
ORD-11285,2024-04-08,East,Furniture,Chair,Home Office,9,187.62,0.0,1688.58,532.12
ORD-11286,2024-06-15,West,Office Supplies,Pen Set,Consumer,9,35.59,0.2,256.25,50.79
ORD-11287,2023-03-17,North,Office Supplies,Printer Paper,Corporate,3,47.86,0.0,143.58,21.44
ORD-11288,2023-12-24,North,Electronics,Monitor,Home Office,1,799.54,0.05,759.56,45.42
ORD-11289,2023-12-01,Central,Office Supplies,Pen Set,Home Office,4,47.28,0.1,170.21,34.7
ORD-11290,2024-01-26,Central,Office Supplies,Printer Paper,Consumer,6,9.4,0.05,53.58,17.29
ORD-11291,2024-12-07,West,Furniture,Desk,Consumer,7,310.64,0.0,2174.48,189.89
ORD-11292,2024-07-29,Central,Electronics,Laptop,Corporate,9,773.42,0.05,6612.74,1666.72
ORD-11293,2023-04-21,West,Electronics,Smartphone,Corporate,3,328.09,0.0,984.27,162.85
ORD-11294,2023-08-17,South,Electronics,Smartphone,Consumer,8,337.96,0.0,2703.68,169.53
ORD-11295,2024-04-29,Central,Electronics,Laptop,Corporate,9,1189.04,0.1,9631.22,2703.55
ORD-11296,2024-10-04,North,Office Supplies,Notebook,Corporate,6,4.58,0.0,27.48,2.64
ORD-11297,2023-12-22,East,Furniture,Bookshelf,Home Office,1,423.01,0.1,380.71,132.18
ORD-11298,2024-09-23,North,Electronics,Smartphone,Home Office,8,780.37,0.15,5306.52,398.61
ORD-11299,2024-07-05,West,Electronics,Headphones,Corporate,3,471.25,0.1,1272.38,324.31
ORD-11300,2023-06-10,East,Electronics,Smartphone,Corporate,3,397.91,0.1,1074.36,241.49
ORD-11301,2024-02-08,East,Office Supplies,Printer Paper,Consumer,4,12.0,0.0,48.0,12.06
ORD-11302,2023-01-01,Central,Furniture,Bookshelf,Consumer,1,649.49,0.1,584.54,53.9
ORD-11303,2024-08-21,South,Electronics,Monitor,Corporate,9,370.08,0.0,3330.72,835.94
ORD-11304,2024-05-24,West,Furniture,Sofa,Corporate,7,473.13,0.1,2980.72,557.69
ORD-11305,2023-12-13,Central,Electronics,Smartphone,Consumer,2,237.59,0.0,475.18,91.42
ORD-11306,2024-12-21,South,Office Supplies,Printer Paper,Corporate,5,52.12,0.0,260.6,26.82
ORD-11307,2023-02-27,West,Furniture,Chair,Corporate,7,197.41,0.05,1312.78,419.17
ORD-11308,2024-08-05,East,Electronics,Keyboard,Corporate,1,1123.81,0.2,899.05,66.91
ORD-11309,2023-01-12,South,Furniture,Desk,Home Office,3,493.45,0.05,1406.33,357.44
ORD-11310,2023-02-22,Central,Furniture,Lamp,Corporate,3,401.27,0.0,1203.81,270.36
ORD-11311,2023-06-13,South,Office Supplies,Pen Set,Home Office,8,6.59,0.0,52.72,7.08
ORD-11312,2023-03-07,South,Office Supplies,Folder,Home Office,6,13.79,0.15,70.33,20.08
ORD-11313,2024-07-01,South,Office Supplies,Printer Paper,Home Office,9,11.13,0.1,90.15,25.16
ORD-11314,2024-10-12,Central,Office Supplies,Notebook,Corporate,4,51.92,0.0,207.68,62.4
ORD-11315,2024-06-04,West,Office Supplies,Pen Set,Corporate,3,53.77,0.05,153.24,33.1
ORD-11316,2023-01-08,South,Furniture,Bookshelf,Consumer,3,373.38,0.05,1064.13,204.41
ORD-11317,2023-03-04,North,Electronics,Monitor,Corporate,3,1145.65,0.05,3265.1,355.92
ORD-11318,2023-12-20,East,Furniture,Bookshelf,Corporate,4,527.72,0.05,2005.34,380.62
ORD-11319,2024-11-13,South,Furniture,Bookshelf,Home Office,8,736.68,0.05,5598.77,963.69
ORD-11320,2024-06-05,South,Electronics,Headphones,Home Office,1,481.56,0.05,457.48,88.81
ORD-11321,2023-10-04,North,Furniture,Sofa,Home Office,4,223.63,0.0,894.52,212.58
ORD-11322,2024-02-04,North,Electronics,Laptop,Consumer,2,801.91,0.05,1523.63,229.39
ORD-11323,2024-02-23,South,Office Supplies,Stapler,Consumer,8,3.72,0.05,28.27,5.53
ORD-11324,2023-08-11,North,Office Supplies,Pen Set,Corporate,2,21.82,0.05,41.46,2.79
ORD-11325,2023-01-06,,Furniture,Desk,Home Office,7,368.21,0.1,2319.72,389.94
ORD-11326,2023-05-22,East,Electronics,Headphones,Home Office,8,765.53,0.0,6124.24,1712.07
ORD-11327,2023-03-15,West,Electronics,Monitor,Consumer,1,707.74,,601.58,111.52
ORD-11328,2024-06-24,Central,Office Supplies,Pen Set,Home Office,2,26.56,0.15,45.15,4.97
ORD-11329,2023-01-09,North,Office Supplies,Stapler,Home Office,5,23.66,0.0,118.3,35.23
ORD-11330,2023-06-24,South,Electronics,Smartphone,Consumer,1,658.91,0.05,625.96,180.47
ORD-11331,2023-07-05,East,Office Supplies,Pen Set,Corporate,5,34.3,0.05,162.92,9.16
ORD-11332,2024-07-01,South,Furniture,Chair,Corporate,7,641.28,0.2,3591.17,788.47
ORD-11333,2024-05-12,North,Furniture,Chair,Home Office,8,90.9,0.0,727.2,210.36
ORD-11334,2023-02-26,West,Furniture,Sofa,Corporate,6,387.73,,1861.1,623.1
ORD-11335,2024-11-26,South,Furniture,Chair,Corporate,8,719.7,0.0,5757.6,1461.66
ORD-11336,2024-12-05,North,Office Supplies,Printer Paper,Home Office,1,23.24,0.1,20.92,6.3
ORD-11337,2024-07-03,North,Office Supplies,Pen Set,Corporate,9,24.47,0.05,209.22,16.06
ORD-11338,2023-07-01,North,Furniture,Desk,Corporate,9,562.21,0.0,5059.89,1393.95
ORD-11339,2023-08-27,Central,Office Supplies,Folder,Consumer,6,15.62,0.0,93.72,31.08
ORD-11340,2024-02-06,North,Electronics,Smartphone,Corporate,9,385.82,0.0,3472.38,893.04
ORD-11341,2024-03-06,East,Electronics,Headphones,Consumer,3,988.83,0.1,2669.84,316.93
ORD-11342,2023-05-04,North,Furniture,Sofa,Consumer,5,198.14,0.1,891.63,187.64
ORD-11343,2024-03-20,West,Furniture,Sofa,Home Office,2,549.75,0.0,1099.5,110.58
ORD-11344,2024-04-07,North,Electronics,Headphones,Home Office,5,1106.53,0.0,5532.65,1097.86
ORD-11345,2023-08-08,West,Furniture,Desk,Home Office,7,157.16,0.05,1045.11,327.64
ORD-11346,2024-03-24,West,Office Supplies,Notebook,Corporate,1,54.84,0.0,54.84,11.81
ORD-11347,2024-12-25,North,Furniture,Sofa,Corporate,9,539.16,0.0,4852.44,1138.23
ORD-11348,2024-05-27,South,Furniture,Bookshelf,Corporate,2,774.63,0.0,1549.26,441.81
ORD-11349,2024-02-27,South,Electronics,Laptop,Corporate,3,455.68,0.05,1298.69,244.98
ORD-11350,2024-08-26,East,Furniture,Desk,Consumer,3,401.23,0.15,1023.14,84.46
ORD-11351,2023-02-06,Central,Office Supplies,Folder,Corporate,3,38.74,0.15,98.79,27.24
ORD-11352,2024-02-29,North,Furniture,Lamp,Home Office,5,497.91,0.0,2489.55,143.92
ORD-11353,2023-04-21,East,Office Supplies,Pen Set,Consumer,8,16.2,0.0,129.6,10.74
ORD-11354,2024-11-18,North,Office Supplies,Pen Set,Corporate,9,24.73,0.0,222.57,65.84
ORD-11355,2024-12-15,South,Electronics,Headphones,Consumer,6,53.88,0.2,258.62,48.95
ORD-11356,2024-07-06,North,Office Supplies,Notebook,Home Office,8,18.88,,151.04,32.41
ORD-11357,2024-02-22,South,Electronics,Headphones,Home Office,8,173.51,0.0,1388.08,462.16
ORD-11358,2023-04-30,South,Electronics,Laptop,Corporate,9,898.95,0.15,6876.97,1453.24
ORD-11359,2023-03-25,West,Electronics,Smartphone,Corporate,9,261.5,0.1,2118.15,468.73
ORD-11360,2023-12-17,West,Furniture,Desk,Home Office,5,398.4,0.15,1693.2,300.86
ORD-11361,2024-10-17,East,Office Supplies,Notebook,Home Office,4,40.57,0.05,154.17,48.79
ORD-11362,2023-06-19,East,Electronics,Monitor,Corporate,1,906.39,0.1,815.75,263.7
ORD-11363,2023-12-22,South,Office Supplies,Folder,Corporate,9,39.46,0.0,355.14,53.39
ORD-11364,2023-09-15,West,Office Supplies,Notebook,Corporate,2,14.21,0.15,24.16,2.16
ORD-11365,2023-09-19,South,Furniture,Bookshelf,Home Office,9,147.2,0.0,1324.8,297.9
ORD-11366,2023-03-21,South,Electronics,Laptop,Corporate,9,1125.64,0.15,8611.15,2478.08
ORD-11367,2023-05-03,Central,Furniture,Sofa,Home Office,4,168.89,0.05,641.78,56.67
ORD-11368,2023-08-07,Central,Electronics,Keyboard,Home Office,8,1075.65,0.0,8605.2,1200.57
ORD-11369,2023-02-18,North,Furniture,Lamp,Corporate,2,231.74,0.0,463.48,141.49
ORD-11370,2023-03-24,East,Electronics,Headphones,Corporate,4,554.86,0.0,2219.44,643.57
ORD-11371,2023-09-19,East,Office Supplies,Printer Paper,Corporate,8,11.74,0.0,93.92,10.99
ORD-11372,2024-03-24,Central,Office Supplies,Printer Paper,Corporate,1,22.26,0.2,17.81,1.09
ORD-11373,2024-10-06,South,Electronics,Keyboard,Corporate,2,193.11,0.0,386.22,44.95
ORD-11374,2024-07-14,West,Furniture,Chair,Consumer,4,390.95,0.0,1563.8,470.54
ORD-11375,2024-01-11,North,Electronics,Monitor,Corporate,6,1073.5,0.05,6118.95,849.43
ORD-11376,2023-10-18,East,Office Supplies,Notebook,Consumer,3,53.53,0.0,160.59,20.38
ORD-11377,2024-03-16,East,Electronics,Headphones,Home Office,2,364.87,0.05,693.25,84.06
ORD-11378,2023-09-02,West,Office Supplies,Folder,Consumer,6,56.86,0.0,341.16,25.32
ORD-11379,2024-01-21,,Furniture,Desk,Consumer,2,623.85,0.0,1247.7,331.47
ORD-11380,2024-06-11,West,Furniture,Lamp,Home Office,6,262.77,0.0,1576.62,154.12
ORD-11381,2024-11-19,Central,Electronics,Laptop,Consumer,5,702.24,0.1,3160.08,662.34
ORD-11382,2024-05-12,South,Furniture,Sofa,Corporate,5,475.23,0.1,2138.54,726.2
ORD-11383,2023-03-07,Central,Furniture,Lamp,Home Office,4,86.46,0.15,293.96,68.34
ORD-11384,2023-09-03,North,Furniture,Chair,Consumer,6,512.78,0.05,2922.85,756.76
ORD-11385,2024-12-29,South,Office Supplies,Pen Set,Corporate,8,16.83,0.05,127.91,14.46
ORD-11386,2024-04-20,West,Electronics,Headphones,Home Office,3,495.35,0.15,1263.14,76.6
ORD-11387,2023-05-16,East,Office Supplies,Stapler,Home Office,6,59.76,0.0,358.56,114.8
ORD-11388,2024-01-16,South,Electronics,Smartphone,Corporate,2,78.13,0.0,156.26,40.09
ORD-11389,2024-10-24,West,Furniture,Bookshelf,Home Office,5,773.16,0.0,3865.8,500.51
ORD-11390,2024-02-24,South,Electronics,Monitor,Home Office,5,329.96,0.0,1649.8,321.16
ORD-11391,2024-07-07,South,Office Supplies,Stapler,Home Office,4,24.66,0.05,93.71,21.39
ORD-11392,2023-04-29,Central,Electronics,Laptop,Consumer,3,427.56,0.0,1282.68,217.27
ORD-11393,2023-11-08,Central,Electronics,Monitor,Corporate,9,1127.61,0.1,9133.64,1103.81
ORD-11394,2023-10-03,Central,Electronics,Laptop,Corporate,8,557.57,0.2,3568.45,661.78
ORD-11395,2023-06-08,North,Office Supplies,Pen Set,Corporate,3,22.15,0.2,53.16,10.29
ORD-11396,2024-09-24,North,Office Supplies,Pen Set,Corporate,4,19.26,0.0,77.04,12.95
ORD-11397,2023-12-28,West,Electronics,Monitor,Home Office,9,749.86,0.1,6073.87,721.55
ORD-11398,2024-01-19,Central,Electronics,Keyboard,Consumer,7,300.26,0.15,1786.55,618.25
ORD-11399,2024-05-13,West,Furniture,Sofa,Consumer,9,243.68,0.1,1973.81,429.94
ORD-11400,2024-04-24,North,Furniture,Bookshelf,Consumer,7,153.0,0.0,1071.0,92.5
ORD-11401,2023-02-11,West,Office Supplies,Stapler,Corporate,8,7.89,0.15,53.65,4.45
ORD-11402,2023-06-25,Central,Furniture,Chair,Consumer,8,476.85,0.0,3814.8,1272.65
ORD-11403,2023-09-09,West,Office Supplies,Pen Set,Corporate,4,21.36,0.1,76.9,16.65
ORD-11404,2023-06-03,South,Electronics,Smartphone,Corporate,8,745.02,0.2,4768.13,774.34
ORD-11405,2023-02-14,West,Office Supplies,Pen Set,Home Office,1,15.68,0.1,14.11,0.77
ORD-11406,2024-12-23,West,Office Supplies,Notebook,Home Office,5,47.37,0.0,236.85,74.07
ORD-11407,2023-01-25,South,Office Supplies,Folder,Corporate,8,12.24,0.2,78.34,20.73
ORD-11408,2024-11-10,South,Electronics,Laptop,Corporate,2,964.62,0.0,1929.24,567.03
ORD-11409,2023-07-28,East,Furniture,Chair,Home Office,4,278.13,0.0,1112.52,109.9
ORD-11410,2023-11-10,Central,Office Supplies,Pen Set,Consumer,1,4.1,0.05,3.89,0.95
ORD-11411,2023-05-01,West,Furniture,Bookshelf,Corporate,2,768.68,0.0,1537.36,438.33
ORD-11412,2023-05-29,South,Furniture,Chair,Home Office,9,607.31,0.1,4919.21,691.9
ORD-11413,2024-10-01,North,Furniture,Bookshelf,Home Office,1,607.7,0.05,577.32,158.74
ORD-11414,2024-07-30,Central,Furniture,Chair,Home Office,4,431.59,0.05,1640.04,214.67
ORD-11415,2024-03-19,North,Electronics,Monitor,Home Office,2,912.36,,1824.72,189.49
ORD-11416,2024-03-10,Central,Furniture,Chair,Corporate,9,59.12,0.05,505.48,169.18
ORD-11417,2024-07-24,South,Furniture,Sofa,Home Office,6,302.32,0.1,1632.53,166.15
ORD-11418,2023-09-01,West,Furniture,Lamp,Home Office,4,482.27,0.05,1832.63,575.08
ORD-11419,2023-01-18,North,Furniture,Chair,Home Office,1,578.2,0.05,549.29,134.65
ORD-11420,2023-06-09,North,Electronics,Laptop,Corporate,1,139.72,0.05,132.73,24.31
ORD-11421,2023-04-24,West,Electronics,Keyboard,Consumer,7,395.71,0.2,2215.98,257.06
ORD-11422,2023-07-21,Central,Furniture,Chair,Consumer,3,380.1,0.05,1083.29,329.33
ORD-11423,2023-04-10,South,Electronics,Smartphone,Consumer,3,826.02,0.0,2478.06,705.75
ORD-11424,2023-12-30,Central,Furniture,Bookshelf,Home Office,8,220.55,0.0,1764.4,495.0
ORD-11425,2024-03-26,East,Electronics,Smartphone,Home Office,4,674.06,0.05,2561.43,421.81
ORD-11426,2024-09-03,West,Office Supplies,Printer Paper,Home Office,8,57.21,0.0,457.68,36.21
ORD-11427,2023-11-09,South,Furniture,Desk,Home Office,4,505.16,0.0,2020.64,459.96
ORD-11428,2023-06-16,South,Electronics,Monitor,Home Office,6,613.97,0.2,2947.06,783.64
ORD-11429,2024-08-19,West,Electronics,Smartphone,Home Office,6,517.98,0.2,2486.3,811.39
ORD-11430,2023-06-18,North,Office Supplies,Pen Set,Home Office,3,24.19,0.0,72.57,12.23
ORD-11431,2024-01-15,Central,Furniture,Sofa,Corporate,7,413.19,0.0,2892.33,279.58
ORD-11432,2023-02-20,East,Furniture,Chair,Corporate,6,186.84,0.0,1121.04,304.25
ORD-11433,2024-10-15,North,Furniture,Lamp,Corporate,5,208.24,0.15,885.02,57.04
ORD-11434,2023-03-04,Central,Office Supplies,Pen Set,Corporate,9,29.05,0.15,222.23,52.81
ORD-11435,2023-02-05,North,Electronics,Smartphone,Home Office,9,110.7,0.0,996.3,67.08
ORD-11436,2023-05-30,South,Office Supplies,Stapler,Home Office,7,12.9,0.15,76.76,14.62
ORD-11437,2023-12-21,West,Furniture,Desk,Consumer,9,570.01,0.05,4873.59,1434.93
ORD-11438,2024-07-05,North,Furniture,Chair,Consumer,2,262.79,0.1,473.02,93.07
ORD-11439,2023-02-23,South,Electronics,Laptop,Home Office,5,1039.17,0.05,4936.06,1165.07
ORD-11440,2023-06-29,,Electronics,Keyboard,Home Office,5,1132.18,0.15,4811.77,978.87
ORD-11441,2023-12-27,East,Office Supplies,Stapler,Corporate,8,45.43,0.0,363.44,86.6
ORD-11442,2024-09-21,South,Office Supplies,Notebook,Corporate,7,49.16,0.1,309.71,47.23
ORD-11443,2024-02-21,South,Office Supplies,Printer Paper,Consumer,1,50.66,0.1,45.59,6.61
ORD-11444,2024-06-03,South,Office Supplies,Notebook,Home Office,4,51.39,0.05,195.28,39.89
ORD-11445,2024-09-09,South,Furniture,Sofa,Corporate,2,188.62,0.2,301.79,101.61
ORD-11446,2023-04-25,West,Electronics,Smartphone,Corporate,5,317.52,0.15,1349.46,260.42
ORD-11447,2024-01-28,Central,Electronics,Monitor,Consumer,2,784.11,0.05,1489.81,519.22
ORD-11448,2023-09-03,East,Office Supplies,Notebook,Corporate,5,48.09,0.15,204.38,25.44
ORD-11449,2024-08-13,South,Electronics,Keyboard,Home Office,8,647.15,0.1,4659.48,846.86
ORD-11450,2024-04-10,South,Electronics,Headphones,Consumer,3,714.32,0.0,2142.96,731.1
ORD-11451,2023-12-05,West,Furniture,Sofa,Consumer,2,370.9,0.05,704.71,159.64
ORD-11452,2023-06-12,West,Electronics,Monitor,Home Office,7,836.02,0.0,5852.14,587.11
ORD-11453,2024-01-05,North,Electronics,Smartphone,Consumer,1,799.18,0.0,799.18,172.26
ORD-11454,2024-07-23,Central,Furniture,Lamp,Consumer,3,349.08,0.15,890.15,99.64
ORD-11455,2023-05-06,Central,Furniture,Sofa,Corporate,4,458.0,0.15,1557.2,439.21
ORD-11456,2024-09-02,Central,Office Supplies,Printer Paper,Home Office,5,54.56,0.0,272.8,44.45
ORD-11457,2024-03-31,North,Furniture,Chair,Home Office,9,385.28,0.1,3120.77,1086.57
ORD-11458,2024-02-19,Central,Furniture,Chair,Corporate,7,327.85,0.0,2294.95,573.89
ORD-11459,2023-02-16,South,Office Supplies,Stapler,Home Office,1,11.06,0.0,11.06,2.23
ORD-11460,2024-05-05,Central,Electronics,Smartphone,Corporate,5,802.5,0.1,3611.25,1103.09
ORD-11461,2024-10-21,North,Office Supplies,Pen Set,Home Office,8,18.56,0.05,141.06,19.04
ORD-11462,2023-10-28,Central,Electronics,Smartphone,Consumer,2,993.79,0.15,1689.44,472.62
ORD-11463,2024-12-15,North,Furniture,Desk,Corporate,4,563.05,0.0,2252.2,343.7
ORD-11464,2023-12-08,West,Office Supplies,Pen Set,Consumer,5,52.78,0.1,237.51,14.42
ORD-11465,2024-09-15,Central,Office Supplies,Notebook,Consumer,2,52.9,0.2,84.64,29.07
ORD-11466,2023-02-08,Central,Furniture,Bookshelf,Corporate,7,483.89,0.0,3387.23,881.31
ORD-11467,2023-12-05,East,Office Supplies,Folder,Corporate,9,11.6,0.0,104.4,33.52
ORD-11468,2023-01-10,North,Furniture,Desk,Corporate,2,291.54,0.1,524.77,64.97
ORD-11469,2024-05-01,,Electronics,Laptop,Corporate,7,810.37,0.05,5388.96,1224.95
ORD-11470,2024-01-31,Central,Office Supplies,Pen Set,Corporate,3,55.84,0.0,167.52,57.52
ORD-11471,2023-12-01,West,Furniture,Sofa,Home Office,2,256.95,0.0,513.9,76.97
ORD-11472,2023-06-30,South,Electronics,Keyboard,Corporate,1,1010.17,0.15,858.64,70.04
ORD-11473,2024-09-25,Central,Electronics,Headphones,Home Office,3,262.32,0.0,786.96,60.84
ORD-11474,2023-10-24,North,Furniture,Sofa,Consumer,8,396.74,0.05,3015.22,182.6
ORD-11475,2024-03-03,North,Furniture,Bookshelf,Home Office,6,770.96,0.15,3931.9,614.16
ORD-11476,2023-04-03,Central,Electronics,Monitor,Home Office,9,900.18,0.2,6481.3,1527.87
ORD-11477,2024-03-23,North,Electronics,Monitor,Consumer,3,1154.55,0.0,3463.65,1068.31
ORD-11478,2023-10-12,Central,Office Supplies,Pen Set,Corporate,4,9.94,0.1,35.78,6.68
ORD-11479,2024-09-01,West,Furniture,Desk,Corporate,9,364.49,0.1,2952.37,369.91
ORD-11480,2023-12-17,Central,Office Supplies,Stapler,Consumer,2,30.09,0.1,54.16,7.94
ORD-11481,2023-03-21,North,Office Supplies,Folder,Home Office,5,4.95,0.1,22.28,5.79
ORD-11482,2023-12-02,East,Office Supplies,Folder,Consumer,3,57.26,0.05,163.19,56.98
ORD-11483,2023-03-13,West,Electronics,Smartphone,Home Office,3,257.65,0.2,618.36,147.29
ORD-11484,2023-12-18,Central,Office Supplies,Stapler,Home Office,7,57.85,0.0,404.95,20.74
ORD-11485,2024-03-20,North,Office Supplies,Pen Set,Corporate,6,28.77,0.0,172.62,56.99
ORD-11486,2024-11-19,Central,Office Supplies,Stapler,Consumer,6,10.62,0.0,63.72,3.68
ORD-11487,2024-01-15,Central,Furniture,Chair,Home Office,1,326.78,0.1,294.1,88.16
ORD-11488,2024-12-16,East,Office Supplies,Stapler,Corporate,7,37.61,0.0,263.27,55.6
ORD-11489,2023-01-14,South,Electronics,Smartphone,Home Office,8,1141.95,0.1,8222.04,2208.54
ORD-11490,2024-05-13,East,Electronics,Monitor,Corporate,9,1146.44,0.0,10317.96,1754.91
ORD-11491,2023-10-22,East,Electronics,Monitor,Consumer,7,1160.34,0.05,7716.26,2082.02
ORD-11492,2024-04-18,North,Office Supplies,Pen Set,Home Office,7,24.43,0.15,145.36,35.1
ORD-11493,2024-04-08,North,Office Supplies,Printer Paper,Corporate,7,22.98,0.0,160.86,18.74
ORD-11494,2024-08-10,West,Furniture,Sofa,Corporate,8,369.39,0.05,2807.36,516.65
ORD-11495,2024-06-11,Central,Electronics,Monitor,Home Office,2,990.22,0.05,1881.42,338.17
ORD-11496,2024-07-10,East,Furniture,Bookshelf,Corporate,5,40.87,0.05,194.13,54.97
ORD-11497,2023-03-03,South,Office Supplies,Notebook,Home Office,5,24.34,0.0,121.7,24.49
ORD-11498,2023-02-25,South,Electronics,Smartphone,Corporate,8,268.91,,2151.28,746.23
ORD-11499,2024-09-30,Central,Furniture,Chair,Home Office,5,202.89,0.1,913.0,166.1
ORD-11500,2023-01-10,South,Furniture,Sofa,Consumer,6,390.38,0.0,2342.28,277.19
ORD-11501,2023-01-06,North,Furniture,Lamp,Corporate,2,146.23,0.0,292.46,17.27
ORD-11502,2024-04-18,South,Electronics,Smartphone,Home Office,6,1010.93,0.05,5762.3,1957.49
ORD-11503,2024-08-20,South,Furniture,Chair,Corporate,2,626.65,0.0,1253.3,333.89
ORD-11504,2024-01-21,West,Electronics,Monitor,Home Office,3,519.22,0.0,1557.66,180.67
ORD-11505,2024-05-12,East,Office Supplies,Pen Set,Corporate,8,30.4,0.0,243.2,24.02
ORD-11506,2023-05-27,West,Electronics,Keyboard,Corporate,1,255.5,0.0,255.5,51.45
ORD-11507,2023-04-08,North,Office Supplies,Pen Set,Home Office,6,16.75,0.05,95.48,22.14
ORD-11508,2024-12-21,,Furniture,Sofa,Home Office,4,121.56,0.05,461.93,81.21
ORD-11509,2023-03-25,South,Electronics,Headphones,Consumer,3,1138.63,0.0,3415.89,804.19
ORD-11510,2023-06-17,Central,Office Supplies,Stapler,Corporate,8,13.91,0.0,111.28,21.42
ORD-11511,2023-11-24,Central,Office Supplies,Pen Set,Corporate,1,36.29,0.15,30.85,6.18
ORD-11512,2023-09-15,North,Furniture,Chair,Consumer,7,746.54,0.0,5225.78,276.25
ORD-11513,2024-12-22,East,Office Supplies,Stapler,Corporate,9,51.28,0.1,415.37,105.72
ORD-11514,2024-06-03,Central,Electronics,Headphones,Consumer,5,676.99,0.05,3215.7,219.29
ORD-11515,2024-07-11,West,Furniture,Desk,Corporate,2,641.96,0.2,1027.14,330.78
ORD-11516,2024-07-25,North,Electronics,Laptop,Corporate,1,1120.31,0.2,896.25,124.21
ORD-11517,2023-08-28,Central,Furniture,Bookshelf,Corporate,1,642.37,0.0,642.37,103.15
ORD-11518,2023-03-07,South,Office Supplies,Folder,Consumer,8,10.93,0.05,83.07,17.31
ORD-11519,2024-06-09,West,Office Supplies,Printer Paper,Home Office,4,41.46,0.2,132.67,46.03
ORD-11520,2024-02-23,South,Furniture,Sofa,Corporate,8,593.21,0.0,4745.68,1437.76
ORD-11521,2024-01-24,East,Electronics,Monitor,Consumer,9,787.71,0.05,6734.92,2035.16
ORD-11522,2024-10-23,East,Furniture,Desk,Consumer,9,151.34,0.0,1362.06,98.69
ORD-11523,2023-06-12,East,Office Supplies,Notebook,Consumer,6,37.3,0.0,223.8,26.03
ORD-11524,2024-08-11,Central,Furniture,Desk,Consumer,7,240.48,0.1,1515.02,472.99
ORD-11525,2023-06-14,East,Electronics,Headphones,Corporate,6,250.17,0.05,1425.97,135.03
ORD-11526,2024-10-03,West,Electronics,Smartphone,Home Office,9,449.72,0.05,3845.11,1155.6
ORD-11527,2024-02-26,West,Furniture,Sofa,Corporate,7,413.01,0.15,2457.41,253.95
ORD-11528,2023-07-22,West,Electronics,Laptop,Consumer,4,674.37,0.05,2562.61,565.08
ORD-11529,2023-11-22,East,Office Supplies,Folder,Corporate,2,22.36,0.2,35.78,11.99
ORD-11530,2023-08-08,North,Electronics,Headphones,Corporate,7,1091.92,0.2,6114.75,1507.49
ORD-11531,2023-07-05,South,Electronics,Monitor,Corporate,8,940.74,0.05,7149.62,1649.48
ORD-11532,2024-10-08,East,Office Supplies,Notebook,Corporate,5,19.11,0.0,95.55,11.74
ORD-11533,2023-03-01,Central,Furniture,Desk,Home Office,1,430.82,0.05,409.28,95.91
ORD-11534,2024-08-01,Central,Furniture,Chair,Home Office,4,578.81,0.0,2315.24,401.16
ORD-11535,2024-05-05,West,Electronics,Laptop,Corporate,5,1184.79,0.05,5627.75,982.99
ORD-11536,2023-09-22,North,Office Supplies,Folder,Home Office,4,49.18,0.05,186.88,18.91
ORD-11537,2024-09-06,Central,Office Supplies,Stapler,Consumer,4,37.67,0.2,120.54,31.97
ORD-11538,2023-06-14,East,Electronics,Laptop,Consumer,4,452.99,0.0,1811.96,151.4
ORD-11539,2024-08-27,West,Furniture,Lamp,Corporate,5,173.06,0.2,692.24,87.59
ORD-11540,2023-01-02,South,Furniture,Desk,Consumer,1,198.31,0.1,178.48,52.24
ORD-11541,2023-06-28,North,Electronics,Keyboard,Consumer,1,771.44,0.05,732.87,182.19
ORD-11542,2024-09-16,West,Electronics,Smartphone,Consumer,7,1145.49,0.0,8018.43,424.87
ORD-11543,2024-02-26,North,Office Supplies,Notebook,Home Office,2,24.68,,39.49,12.15
ORD-11544,2024-11-02,North,Electronics,Laptop,Home Office,4,1190.97,0.0,4763.88,1009.38
ORD-11545,2023-01-22,East,Furniture,Desk,Home Office,5,642.08,0.05,3049.88,524.22
ORD-11546,2024-04-17,East,Furniture,Sofa,Home Office,3,387.02,0.05,1103.01,151.52
ORD-11547,2024-09-10,West,Furniture,Sofa,Home Office,8,624.37,0.05,4745.21,1577.98
ORD-11548,2023-06-06,West,Furniture,Desk,Home Office,8,83.33,0.0,666.64,128.26
ORD-11549,2023-09-14,Central,Furniture,Lamp,Corporate,6,503.46,0.0,3020.76,779.53
ORD-11550,2024-08-30,East,Office Supplies,Notebook,Consumer,1,20.81,0.0,20.81,1.35
ORD-11551,2024-10-11,South,Furniture,Lamp,Corporate,9,678.92,0.1,5499.25,1446.36
ORD-11552,2024-10-18,Central,Electronics,Headphones,Home Office,1,711.76,0.15,605.0,210.13
ORD-11553,2023-12-31,,Electronics,Monitor,Consumer,5,859.16,0.0,4295.8,1453.57
ORD-11554,2023-04-23,North,Furniture,Chair,Corporate,3,124.16,0.1,335.23,23.24
ORD-11555,2024-02-11,North,Office Supplies,Notebook,Home Office,8,28.79,0.1,207.29,18.79
ORD-11556,2024-10-26,Central,Office Supplies,Stapler,Consumer,2,52.51,0.1,94.52,22.36
ORD-11557,2023-04-21,Central,Furniture,Sofa,Home Office,8,584.71,0.2,3742.14,587.62
ORD-11558,2023-08-04,East,Furniture,Bookshelf,Consumer,7,198.12,0.15,1178.81,175.58
ORD-11559,2024-10-28,Central,Office Supplies,Pen Set,Consumer,6,28.28,0.15,144.23,37.97
ORD-11560,2023-10-24,East,Furniture,Chair,Corporate,8,693.39,0.05,5269.76,1657.31
ORD-11561,2023-07-09,West,Furniture,Bookshelf,Home Office,5,651.45,0.15,2768.66,822.19
ORD-11562,2024-01-16,Central,Furniture,Bookshelf,Consumer,3,144.63,0.0,433.89,141.54
ORD-11563,2024-12-25,West,Office Supplies,Stapler,Consumer,3,26.17,0.15,66.73,4.61
ORD-11564,2024-11-07,Central,Furniture,Bookshelf,Consumer,9,254.91,0.2,1835.35,546.26
ORD-11565,2023-04-26,Central,Office Supplies,Folder,Consumer,4,9.41,0.05,35.76,7.5
ORD-11566,2023-12-11,Central,Office Supplies,Notebook,Home Office,2,33.11,0.1,59.6,4.98
ORD-11567,2023-06-03,East,Electronics,Keyboard,Home Office,2,208.18,0.0,416.36,73.77
ORD-11568,2023-04-15,North,Furniture,Lamp,Corporate,7,348.99,0.2,1954.34,371.73
ORD-11569,2023-03-20,Central,Office Supplies,Notebook,Home Office,6,56.66,0.0,339.96,51.18
ORD-11570,2023-07-20,North,Electronics,Keyboard,Corporate,5,208.12,0.05,988.57,98.79
ORD-11571,2023-11-01,South,Electronics,Smartphone,Consumer,7,946.82,0.1,5964.97,1519.01
ORD-11572,2023-08-25,North,Office Supplies,Printer Paper,Consumer,6,34.93,0.15,178.14,51.36
ORD-11573,2023-10-01,North,Furniture,Bookshelf,Home Office,3,125.82,0.05,358.59,65.16
ORD-11574,2024-11-28,East,Electronics,Laptop,Corporate,6,777.22,0.05,4430.15,1405.21
ORD-11575,2023-04-11,North,Office Supplies,Notebook,Home Office,1,13.27,0.1,11.94,1.61
ORD-11576,2023-06-07,Central,Electronics,Smartphone,Home Office,6,755.62,0.0,4533.72,1015.41
ORD-11577,2024-06-16,Central,Office Supplies,Stapler,Corporate,6,22.28,0.2,106.94,6.16
ORD-11578,2023-03-02,Central,Electronics,Monitor,Corporate,7,412.15,0.1,2596.54,851.53
ORD-11579,2023-09-21,East,Office Supplies,Printer Paper,Home Office,1,5.9,0.15,5.02,0.67
ORD-11580,2024-10-27,Central,Electronics,Smartphone,Corporate,5,519.68,0.05,2468.48,706.85
ORD-11581,2024-07-07,Central,Furniture,Lamp,Corporate,3,634.49,0.0,1903.47,292.83
ORD-11582,2023-07-21,East,Electronics,Keyboard,Corporate,6,1035.2,0.0,6211.2,385.3
ORD-11583,2024-12-28,South,Office Supplies,Folder,Home Office,9,38.53,0.1,312.09,33.16
ORD-11584,2023-04-19,South,Office Supplies,Notebook,Corporate,2,44.87,0.0,89.74,27.62
ORD-11585,2023-05-04,North,Electronics,Monitor,Consumer,5,849.17,0.0,4245.85,495.63
ORD-11586,2024-10-16,South,Furniture,Sofa,Consumer,6,320.08,0.05,1824.46,303.81
ORD-11587,2023-02-08,South,Furniture,Bookshelf,Corporate,1,573.76,0.1,516.38,104.08
ORD-11588,2023-06-20,North,Furniture,Bookshelf,Home Office,6,85.05,0.1,459.27,111.97
ORD-11589,2023-07-24,Central,Electronics,Keyboard,Home Office,5,462.88,0.2,1851.52,270.32
ORD-11590,2024-08-22,South,Electronics,Monitor,Corporate,1,205.59,0.1,185.03,45.27
ORD-11591,2023-07-01,South,Office Supplies,Pen Set,Consumer,3,47.02,0.1,126.95,34.23
ORD-11592,2024-01-03,North,Furniture,Bookshelf,Home Office,6,668.5,0.1,3609.9,357.63
ORD-11593,2024-06-19,East,Office Supplies,Folder,Home Office,9,58.1,0.2,418.32,129.65
ORD-11594,2023-04-28,North,Furniture,Chair,Corporate,3,494.02,0.05,1407.96,228.42
ORD-11595,2023-03-01,West,Furniture,Bookshelf,Consumer,9,116.24,0.1,941.54,174.96
ORD-11596,2023-03-12,West,Electronics,Headphones,Consumer,5,422.52,0.15,1795.71,107.04
ORD-11597,2024-01-17,West,Furniture,Lamp,Home Office,4,542.63,0.15,1844.94,433.78
ORD-11598,2024-09-26,North,Electronics,Headphones,Consumer,6,478.69,0.1,2584.93,720.89
ORD-11599,2023-07-22,North,Office Supplies,Printer Paper,Home Office,3,40.23,0.0,120.69,35.38
ORD-11600,2024-09-23,Central,Furniture,Sofa,Consumer,6,426.34,0.05,2430.14,168.92
ORD-11601,2023-03-12,West,Office Supplies,Folder,Consumer,4,46.65,0.05,177.27,13.56
ORD-11602,2023-01-17,East,Office Supplies,Pen Set,Home Office,9,10.66,0.1,86.35,26.28
ORD-11603,2023-10-08,Central,Office Supplies,Stapler,Corporate,6,4.39,0.0,26.34,4.51
ORD-11604,2024-03-13,South,Office Supplies,Stapler,Home Office,2,37.72,0.0,75.44,25.01
ORD-11605,2024-04-29,East,Office Supplies,Pen Set,Consumer,1,22.33,0.2,17.86,1.49
ORD-11606,2023-03-29,West,Electronics,Smartphone,Consumer,4,632.55,0.1,2277.18,559.45
ORD-11607,2024-08-27,Central,Furniture,Sofa,Home Office,9,573.61,0.1,4646.24,1230.63
ORD-11608,2024-04-09,Central,Office Supplies,Printer Paper,Corporate,5,24.09,0.0,120.45,14.57
ORD-11609,2023-11-19,North,Office Supplies,Printer Paper,Consumer,5,18.2,0.0,91.0,20.49
ORD-11610,2024-09-15,North,Electronics,Laptop,Home Office,2,1111.37,0.0,2222.74,420.64
ORD-11611,2024-09-09,West,Furniture,Desk,Consumer,3,408.14,0.15,1040.76,300.83
ORD-11612,2023-03-15,North,Office Supplies,Stapler,Corporate,3,19.09,0.1,51.54,10.58
ORD-11613,2024-12-13,South,Furniture,Bookshelf,Corporate,3,412.55,0.0,1237.65,364.56
ORD-11614,2024-08-11,Central,Electronics,Smartphone,Home Office,3,955.13,0.2,2292.31,246.37
ORD-11615,2024-06-20,North,Office Supplies,Notebook,Corporate,5,58.05,0.15,246.71,34.84
ORD-11616,2023-05-14,East,Office Supplies,Folder,Home Office,3,43.86,0.0,131.58,44.75
ORD-11617,2023-12-22,East,Electronics,Laptop,Home Office,7,50.01,0.0,350.07,108.02
ORD-11618,2023-05-10,South,Electronics,Laptop,Corporate,3,830.39,0.0,2491.17,381.07
ORD-11619,2023-07-01,East,Office Supplies,Notebook,Corporate,1,57.48,,51.73,10.9
ORD-11620,2024-12-11,East,Electronics,Keyboard,Home Office,5,1008.54,0.0,5042.7,1013.92
ORD-11621,2023-02-21,West,Electronics,Monitor,Corporate,9,572.18,0.05,4892.14,1352.63
ORD-11622,2024-08-19,East,Electronics,Smartphone,Corporate,8,468.86,0.0,3750.88,1259.1
ORD-11623,2023-10-21,East,Furniture,Lamp,Consumer,1,53.38,0.0,53.38,6.95
ORD-11624,2024-11-23,East,Electronics,Laptop,Consumer,4,734.05,0.2,2348.96,174.89
ORD-11625,2024-05-15,South,Office Supplies,Printer Paper,Home Office,8,3.67,0.2,23.49,8.14
ORD-11626,2024-07-21,Central,Electronics,Monitor,Corporate,2,182.12,0.0,364.24,46.1
ORD-11627,2024-12-15,South,Furniture,Desk,Home Office,2,321.48,0.05,610.81,135.77
ORD-11628,2024-11-24,East,Electronics,Monitor,Corporate,1,194.87,0.0,194.87,35.69
ORD-11629,2023-04-03,North,Furniture,Chair,Corporate,3,90.53,0.1,244.43,36.57
ORD-11630,2024-11-15,East,Furniture,Desk,Corporate,2,468.39,0.1,843.1,183.82
ORD-11631,2023-01-31,South,Office Supplies,Notebook,Home Office,3,3.94,0.2,9.46,1.37
ORD-11632,2023-05-20,North,Furniture,Desk,Corporate,3,642.67,0.05,1831.61,312.89
ORD-11633,2023-06-28,East,Electronics,Laptop,Corporate,7,1189.34,0.05,7909.11,1889.83
ORD-11634,2024-08-22,Central,Furniture,Desk,Corporate,6,243.58,0.05,1388.41,295.26
ORD-11635,2024-06-23,West,Furniture,Bookshelf,Home Office,2,550.61,,880.98,171.05
ORD-11636,2023-07-10,Central,Office Supplies,Pen Set,Home Office,6,59.99,0.1,323.95,63.96
ORD-11637,2024-10-09,East,Furniture,Bookshelf,Home Office,6,476.65,0.0,2859.9,446.49
ORD-11638,2023-03-08,Central,Electronics,Keyboard,Home Office,1,1110.11,0.1,999.1,266.05
ORD-11639,2023-08-26,West,Furniture,Chair,Corporate,9,424.91,0.0,3824.19,1014.74
ORD-11640,2023-05-18,Central,Furniture,Lamp,Home Office,7,434.59,0.15,2585.81,430.93
ORD-11641,2024-04-03,Central,Office Supplies,Folder,Consumer,1,24.45,0.05,23.23,2.89
ORD-11642,2023-04-06,West,Office Supplies,Stapler,Corporate,7,32.33,0.0,226.31,28.08
ORD-11643,2023-04-21,North,Furniture,Lamp,Corporate,5,741.23,0.0,3706.15,438.21
ORD-11644,2024-10-12,South,Furniture,Chair,Corporate,8,100.41,0.1,722.95,184.13
ORD-11645,2023-02-06,West,Electronics,Headphones,Home Office,8,373.32,0.05,2837.23,350.81
ORD-11646,2023-05-12,South,Electronics,Monitor,Home Office,4,285.4,0.1,1027.44,342.63
ORD-11647,2023-04-05,West,Electronics,Monitor,Consumer,5,700.68,0.2,2802.72,355.57
ORD-11648,2024-03-05,Central,Electronics,Keyboard,Corporate,2,58.81,0.2,94.1,5.82
ORD-11649,2024-02-15,West,Furniture,Lamp,Corporate,3,183.44,0.0,550.32,143.49
ORD-11650,2023-02-28,West,Furniture,Desk,Consumer,3,688.13,0.0,2064.39,616.55
ORD-11651,2023-04-12,West,Furniture,Sofa,Home Office,9,92.07,0.0,828.63,184.9
ORD-11652,2023-10-27,West,Office Supplies,Printer Paper,Corporate,6,21.83,0.0,130.98,20.46
ORD-11653,2023-01-28,East,Office Supplies,Folder,Home Office,5,28.91,0.1,130.1,26.03
ORD-11654,2023-05-08,Central,Furniture,Desk,Consumer,4,586.81,0.05,2229.88,769.27
ORD-11655,2023-05-08,Central,Electronics,Headphones,Home Office,9,644.28,0.0,5798.52,1252.31
ORD-11656,2023-04-13,South,Furniture,Sofa,Home Office,4,260.0,0.2,832.0,172.09
ORD-11657,2024-05-11,South,Office Supplies,Stapler,Home Office,2,9.49,0.1,17.08,1.22
ORD-11658,2023-07-22,North,Office Supplies,Stapler,Home Office,4,4.83,0.2,15.46,1.87
ORD-11659,2023-06-25,West,Electronics,Smartphone,Consumer,1,872.1,0.2,697.68,243.91
ORD-11660,2023-04-12,Central,Electronics,Smartphone,Home Office,6,1183.19,0.05,6744.18,1093.44
ORD-11661,2023-10-18,Central,Office Supplies,Printer Paper,Corporate,5,46.21,0.05,219.5,14.55
ORD-11662,2024-02-20,East,Electronics,Headphones,Home Office,9,198.99,0.0,1790.91,200.31
ORD-11663,2024-04-08,West,Electronics,Monitor,Consumer,2,525.02,0.1,945.04,294.95
ORD-11664,2024-10-24,West,Office Supplies,Printer Paper,Consumer,8,41.64,0.05,316.46,75.56
ORD-11665,2023-08-24,Central,Office Supplies,Printer Paper,Consumer,1,43.7,0.0,43.7,11.57
ORD-11666,2024-06-08,North,Office Supplies,Notebook,Home Office,8,59.83,0.0,478.64,155.33
ORD-11667,2023-12-12,Central,Office Supplies,Printer Paper,Home Office,5,4.54,0.15,19.29,3.39
ORD-11668,2024-01-04,East,Furniture,Sofa,Corporate,1,177.61,0.1,159.85,38.45
ORD-11669,2023-01-22,North,Office Supplies,Folder,Corporate,5,57.18,0.0,285.9,68.7
ORD-11670,2024-04-06,South,Electronics,Laptop,Home Office,4,768.05,0.0,3072.2,979.31
ORD-11671,2024-10-22,North,Electronics,Smartphone,Home Office,6,950.94,0.2,4564.51,1570.82
ORD-11672,2024-05-08,South,Office Supplies,Folder,Home Office,1,33.67,0.0,33.67,10.37
ORD-11673,2024-08-05,North,Electronics,Keyboard,Corporate,8,712.76,0.15,4846.77,1385.74
ORD-11674,2024-04-26,South,Office Supplies,Pen Set,Consumer,5,6.47,0.1,29.12,3.46
ORD-11675,2023-10-20,South,Furniture,Lamp,Home Office,4,482.15,0.0,1928.6,316.24
ORD-11676,2023-04-19,East,Furniture,Lamp,Home Office,8,291.49,0.05,2215.32,627.41
ORD-11677,2023-06-15,South,Furniture,Sofa,Consumer,2,762.08,0.0,1524.16,470.12
ORD-11678,2024-10-08,West,Furniture,Chair,Corporate,7,624.49,0.0,4371.43,1070.24
ORD-11679,2023-04-04,East,Office Supplies,Notebook,Home Office,4,34.97,0.05,132.89,17.98
ORD-11680,2024-01-18,West,Electronics,Monitor,Corporate,3,200.45,0.0,601.35,110.03
ORD-11681,2023-12-10,North,Electronics,Keyboard,Home Office,9,738.26,0.05,6312.12,367.04
ORD-11682,2024-08-14,West,Electronics,Headphones,Corporate,2,266.8,0.0,533.6,126.45
ORD-11683,2024-02-25,North,Office Supplies,Printer Paper,Consumer,8,7.31,0.1,52.63,13.94
ORD-11684,2024-01-12,Central,Electronics,Laptop,Consumer,1,373.84,0.2,299.07,27.38
ORD-11685,2023-08-17,North,Electronics,Headphones,Corporate,2,1046.66,0.2,1674.66,153.43
ORD-11686,2023-07-16,West,Electronics,Monitor,Home Office,1,974.34,0.0,974.34,166.66
ORD-11687,2024-04-06,East,Furniture,Lamp,Home Office,6,370.55,0.0,2223.3,111.83
ORD-11688,2024-03-25,West,Furniture,Chair,Corporate,4,557.68,0.1,2007.65,213.63
ORD-11689,2024-05-03,East,Furniture,Sofa,Home Office,1,603.34,0.1,543.01,183.53
ORD-11690,2024-06-13,East,Electronics,Smartphone,Consumer,4,913.91,,3472.86,758.68
ORD-11691,2024-12-30,South,Electronics,Headphones,Corporate,7,1068.44,0.15,6357.22,1165.92
ORD-11692,2024-06-30,East,Furniture,Bookshelf,Home Office,5,508.11,0.05,2413.52,309.83
ORD-11693,2024-01-10,Central,Furniture,Lamp,Corporate,4,683.12,0.1,2459.23,323.95
ORD-11694,2024-09-08,East,Furniture,Lamp,Corporate,8,714.62,0.1,5145.26,749.77
ORD-11695,2024-02-22,East,Office Supplies,Folder,Home Office,5,35.22,0.1,158.49,40.89
ORD-11696,2023-10-28,Central,Electronics,Laptop,Home Office,8,489.22,0.0,3913.76,864.29
ORD-11697,2024-02-28,South,Electronics,Keyboard,Corporate,8,382.15,0.05,2904.34,842.85
ORD-11698,2023-01-28,Central,Office Supplies,Stapler,Corporate,9,26.1,0.2,187.92,35.12
ORD-11699,2023-05-02,North,Furniture,Desk,Home Office,5,225.66,0.15,959.06,154.92
ORD-11700,2023-06-29,South,Furniture,Sofa,Consumer,7,367.7,0.1,2316.51,371.15
ORD-11701,2023-01-10,Central,Electronics,Monitor,Corporate,6,479.33,0.1,2588.38,499.39
ORD-11702,2024-12-18,South,Furniture,Bookshelf,Corporate,5,260.47,,1172.12,247.52
ORD-11703,2024-01-15,North,Electronics,Laptop,Corporate,8,628.48,0.0,5027.84,347.42
ORD-11704,2023-10-08,West,Office Supplies,Notebook,Home Office,8,36.83,0.05,279.91,42.27
ORD-11705,2024-10-19,Central,Electronics,Monitor,Corporate,4,638.61,0.1,2299.0,411.91
ORD-11706,2023-06-11,South,Electronics,Headphones,Consumer,5,428.57,0.1,1928.56,169.61
ORD-11707,2024-09-06,North,Office Supplies,Notebook,Consumer,7,30.98,0.05,206.02,47.03
ORD-11708,2023-01-13,Central,Office Supplies,Printer Paper,Home Office,5,54.12,0.15,230.01,17.07
ORD-11709,2024-03-25,North,Furniture,Lamp,Corporate,5,276.38,0.05,1312.8,200.25
ORD-11710,2023-07-21,Central,Furniture,Desk,Corporate,7,708.66,0.15,4216.53,421.81
ORD-11711,2024-11-17,South,Office Supplies,Folder,Home Office,3,17.97,0.05,51.21,11.45
ORD-11712,2024-11-09,North,Office Supplies,Printer Paper,Corporate,7,36.59,0.15,217.71,59.81
ORD-11713,2024-06-28,East,Furniture,Chair,Corporate,6,626.25,0.05,3569.62,210.4
ORD-11714,2023-08-09,Central,Furniture,Lamp,Corporate,2,135.68,0.0,271.36,79.15
ORD-11715,2024-06-23,Central,Electronics,Laptop,Corporate,4,823.3,0.1,2963.88,883.21
ORD-11716,2023-09-13,East,Office Supplies,Folder,Home Office,7,38.26,0.2,214.26,47.26
ORD-11717,2024-10-17,East,Office Supplies,Folder,Corporate,2,22.71,0.05,43.15,2.86
ORD-11718,2024-09-29,East,Electronics,Laptop,Consumer,4,1018.91,0.1,3668.08,634.3
ORD-11719,2024-07-16,North,Furniture,Desk,Consumer,7,679.03,0.0,4753.21,744.8
ORD-11720,2023-09-29,East,Furniture,Sofa,Corporate,3,87.86,0.0,263.58,52.85
ORD-11721,2023-12-16,South,Electronics,Headphones,Home Office,4,1086.6,0.15,3694.44,1103.98
ORD-11722,2023-04-14,Central,Electronics,Keyboard,Home Office,9,299.72,0.15,2292.86,777.08
ORD-11723,2023-01-12,East,Office Supplies,Stapler,Consumer,1,6.97,0.0,6.97,1.41
ORD-11724,2024-03-27,South,Electronics,Laptop,Home Office,4,893.46,0.15,3037.76,518.39
ORD-11725,2024-05-31,East,Office Supplies,Notebook,Corporate,1,54.24,0.0,54.24,11.22
ORD-11726,2024-11-05,North,Office Supplies,Printer Paper,Consumer,7,28.88,0.2,161.73,37.39
ORD-11727,2023-08-13,North,Electronics,Monitor,Consumer,6,526.45,0.2,2526.96,250.45
ORD-11728,2024-07-02,West,Electronics,Monitor,Corporate,5,420.2,0.1,1890.9,587.26
ORD-11729,2024-11-14,North,Electronics,Headphones,Corporate,9,1027.17,0.1,8320.08,2782.84
ORD-11730,2023-03-29,West,Electronics,Keyboard,Consumer,6,152.94,0.0,917.64,315.3
ORD-11731,2023-09-15,East,Electronics,Keyboard,Corporate,3,642.35,0.1,1734.35,206.57
ORD-11732,2023-11-19,North,Office Supplies,Folder,Home Office,3,36.75,0.2,88.2,22.5
ORD-11733,2024-02-19,North,Office Supplies,Printer Paper,Corporate,8,47.56,0.0,380.48,83.49
ORD-11734,2023-03-03,North,Office Supplies,Printer Paper,Consumer,2,31.37,0.0,62.74,8.04
ORD-11735,2023-01-07,West,Electronics,Monitor,Corporate,3,1193.97,0.0,3581.91,1160.05
ORD-11736,2024-06-11,South,Furniture,Sofa,Corporate,1,262.99,0.0,262.99,57.44
ORD-11737,2024-05-16,East,Office Supplies,Folder,Corporate,9,47.61,0.1,385.64,77.96
ORD-11738,2023-03-20,Central,Furniture,Lamp,Home Office,2,468.92,0.1,844.06,145.91
ORD-11739,2023-06-24,East,Furniture,Chair,Consumer,7,56.97,0.0,398.79,54.41
ORD-11740,2023-05-06,North,Electronics,Monitor,Corporate,8,577.18,0.2,3693.95,314.03
ORD-11741,2023-02-08,West,Office Supplies,Pen Set,Consumer,4,34.23,0.0,136.92,35.41
ORD-11742,2023-03-01,East,Electronics,Keyboard,Home Office,9,270.28,0.0,2432.52,305.35
ORD-11743,2024-11-25,North,Electronics,Monitor,Consumer,2,616.81,0.2,986.9,117.0
ORD-11744,2023-06-02,East,Office Supplies,Folder,Corporate,6,58.83,0.1,317.68,39.57
ORD-11745,2024-04-22,Central,Office Supplies,Stapler,Home Office,2,34.17,0.05,64.92,7.3
ORD-11746,2023-10-12,South,Electronics,Headphones,Home Office,8,200.7,0.0,1605.6,528.98
ORD-11747,2023-08-08,South,Electronics,Headphones,Home Office,5,272.79,0.0,1363.95,317.04
ORD-11748,2024-03-30,South,Office Supplies,Pen Set,Corporate,3,5.48,0.05,15.62,1.47
ORD-11749,2023-03-24,East,Office Supplies,Stapler,Consumer,7,22.04,0.0,154.28,16.14
ORD-11750,2024-01-08,South,Electronics,Smartphone,Corporate,1,989.89,0.0,989.89,208.53
ORD-11751,2024-08-15,East,Office Supplies,Pen Set,Corporate,4,52.88,0.0,211.52,28.67
ORD-11752,2024-06-19,Central,Furniture,Lamp,Home Office,8,217.47,0.2,1391.81,196.88
ORD-11753,2024-04-17,Central,Electronics,Keyboard,Corporate,2,1140.44,0.15,1938.75,400.7
ORD-11754,2024-01-21,North,Office Supplies,Folder,Home Office,8,25.47,0.05,193.57,67.6
ORD-11755,2024-04-11,Central,Electronics,Smartphone,Consumer,9,514.55,0.0,4630.95,815.76
ORD-11756,2024-08-21,West,Office Supplies,Pen Set,Home Office,5,27.35,0.2,109.4,32.23
ORD-11757,2024-09-14,West,Office Supplies,Pen Set,Home Office,7,21.2,0.0,148.4,13.48
ORD-11758,2023-04-05,East,Office Supplies,Notebook,Corporate,6,24.17,0.05,137.77,14.78
ORD-11759,2023-02-18,East,Electronics,Smartphone,Home Office,5,818.06,0.1,3681.27,221.31
ORD-11760,2023-05-26,North,Furniture,Sofa,Home Office,1,97.18,0.0,97.18,4.98
ORD-11761,2023-02-22,Central,Furniture,Chair,Corporate,6,389.89,0.05,2222.37,238.33
ORD-11762,2023-05-17,West,Office Supplies,Printer Paper,Home Office,4,31.68,0.0,126.72,19.45
ORD-11763,2023-07-05,South,Electronics,Headphones,Home Office,1,690.31,0.05,655.79,85.19
ORD-11764,2023-08-28,South,Furniture,Chair,Home Office,5,476.93,0.05,2265.42,609.61
ORD-11765,2023-08-04,West,Furniture,Sofa,Home Office,1,599.93,0.2,479.94,136.82
ORD-11766,2024-06-11,East,Electronics,Headphones,Home Office,4,307.25,0.0,1229.0,352.9
ORD-11767,2024-05-17,South,Office Supplies,Folder,Corporate,8,33.78,0.05,256.73,44.69
ORD-11768,2023-06-27,Central,Office Supplies,Notebook,Consumer,4,24.43,0.0,97.72,29.33
ORD-11769,2023-10-23,South,Furniture,Bookshelf,Consumer,2,221.75,0.2,354.8,109.23
ORD-11770,2023-08-31,South,Office Supplies,Notebook,Consumer,6,24.39,0.05,139.02,12.31
ORD-11771,2024-03-23,North,Office Supplies,Folder,Corporate,6,24.29,0.2,116.59,14.15
ORD-11772,2024-10-12,East,Office Supplies,Pen Set,Corporate,4,28.16,0.0,112.64,9.03
ORD-11773,2024-07-25,South,Electronics,Monitor,Home Office,7,129.16,0.05,858.91,49.46
ORD-11774,2024-06-07,East,Electronics,Headphones,Consumer,6,540.27,0.0,3241.62,190.34
ORD-11775,2023-11-12,South,Furniture,Chair,Home Office,9,776.44,0.1,6289.16,1859.61
ORD-11776,2023-06-02,South,Furniture,Sofa,Corporate,2,482.33,0.0,964.66,160.21
ORD-11777,2024-01-17,Central,Electronics,Smartphone,Home Office,3,1159.45,0.0,3478.35,933.4
ORD-11778,2023-01-07,South,Furniture,Sofa,Corporate,4,627.33,0.0,2509.32,869.75
ORD-11779,2024-08-29,East,Furniture,Bookshelf,Home Office,4,262.41,0.05,997.16,66.64
ORD-11780,2024-03-20,West,Office Supplies,Notebook,Corporate,3,43.67,0.0,131.01,15.34
ORD-11781,2024-06-05,Central,Electronics,Laptop,Consumer,3,605.81,0.05,1726.56,439.35
ORD-11782,2024-08-23,North,Electronics,Monitor,Consumer,3,776.2,0.0,2328.6,292.69
ORD-11783,2023-10-20,South,Furniture,Desk,Home Office,4,342.59,0.2,1096.29,198.66
ORD-11784,2023-02-28,West,Furniture,Chair,Corporate,7,62.11,0.2,347.82,53.35
ORD-11785,2024-02-07,East,Office Supplies,Notebook,Corporate,4,58.34,0.0,233.36,35.06
ORD-11786,2023-03-29,Central,Furniture,Bookshelf,Home Office,9,47.73,0.0,429.57,114.31
ORD-11787,2024-09-14,North,Furniture,Chair,Home Office,6,184.54,0.0,1107.24,376.46
ORD-11788,2024-07-30,West,Furniture,Lamp,Corporate,7,344.81,0.05,2292.99,159.26
ORD-11789,2024-08-05,North,Electronics,Headphones,Corporate,4,1149.87,0.0,4599.48,1375.52
ORD-11790,2023-06-29,West,Furniture,Sofa,Home Office,9,81.48,0.1,659.99,207.56
ORD-11791,2023-03-03,Central,Furniture,Lamp,Home Office,6,443.61,0.05,2528.58,849.65
ORD-11792,2023-12-05,South,Electronics,Monitor,Corporate,5,1196.96,0.0,5984.8,1865.63
ORD-11793,2024-11-13,Central,Furniture,Sofa,Home Office,4,398.62,0.1,1435.03,235.88
ORD-11794,2023-11-02,Central,Furniture,Lamp,Home Office,7,724.96,0.05,4820.98,921.96
ORD-11795,2023-03-06,South,Electronics,Keyboard,Home Office,9,713.34,0.0,6420.06,1988.69
ORD-11796,2023-06-24,Central,Office Supplies,Pen Set,Home Office,7,9.93,0.0,69.51,4.52
ORD-11797,2023-03-13,West,Electronics,Laptop,Home Office,7,190.34,0.0,1332.38,368.24
ORD-11798,2024-05-13,East,Office Supplies,Printer Paper,Corporate,5,17.34,0.1,78.03,11.28
ORD-11799,2023-07-29,East,Office Supplies,Notebook,Consumer,2,2.18,0.15,3.71,0.33
ORD-11800,2023-03-23,North,Electronics,Smartphone,Corporate,5,53.16,0.1,239.22,18.02
ORD-11801,2023-09-13,West,Furniture,Sofa,Consumer,6,660.63,0.2,3171.02,426.68
ORD-11802,2023-12-05,Central,Office Supplies,Stapler,Corporate,5,21.4,0.0,107.0,22.49
ORD-11803,2023-09-06,Central,Furniture,Desk,Home Office,1,207.67,0.2,166.14,41.53
ORD-11804,2023-11-02,West,Electronics,Headphones,Home Office,2,586.04,0.1,1054.87,353.7
ORD-11805,2023-07-15,North,Electronics,Keyboard,Home Office,2,1052.5,,2105.0,481.52
ORD-11806,2024-05-20,Central,Electronics,Smartphone,Consumer,1,313.74,0.15,266.68,16.55
ORD-11807,2023-05-07,West,Office Supplies,Printer Paper,Home Office,6,49.22,0.15,251.02,79.38
ORD-11808,2023-03-30,South,Office Supplies,Notebook,Corporate,3,27.15,0.0,81.45,15.26
ORD-11809,2023-08-22,North,Office Supplies,Notebook,Consumer,4,24.32,0.1,87.55,10.6
ORD-11810,2024-11-04,West,Office Supplies,Notebook,Corporate,2,35.88,0.05,68.17,20.3
ORD-11811,2023-05-31,East,Office Supplies,Folder,Consumer,7,40.62,0.0,284.34,64.79
ORD-11812,2024-11-16,North,Electronics,Smartphone,Corporate,8,1186.53,0.0,9492.24,2347.03
ORD-11813,2024-04-14,Central,Office Supplies,Printer Paper,Corporate,7,58.33,0.05,387.89,92.33
ORD-11814,2024-04-01,Central,Office Supplies,Printer Paper,Corporate,8,10.2,0.15,69.36,9.42
ORD-11815,2024-07-26,North,Office Supplies,Printer Paper,Home Office,4,21.18,0.05,80.48,20.18
ORD-11816,2023-04-28,West,Furniture,Sofa,Consumer,5,154.73,0.15,657.6,106.93
ORD-11817,2023-09-01,Central,Furniture,Lamp,Home Office,8,759.79,0.1,5470.49,1759.88
ORD-11818,2024-06-09,East,Electronics,Monitor,Consumer,6,400.3,0.2,1921.44,125.16
ORD-11819,2024-11-27,Central,Electronics,Smartphone,Home Office,4,346.5,0.0,1386.0,75.46
ORD-11820,2024-11-27,North,Electronics,Laptop,Corporate,6,51.11,0.1,275.99,45.8
ORD-11821,2024-11-24,North,Furniture,Bookshelf,Home Office,8,511.9,0.2,3276.16,706.52
ORD-11822,2024-05-02,Central,Electronics,Headphones,Consumer,6,862.31,0.1,4656.47,724.29
ORD-11823,2024-08-19,West,Furniture,Lamp,Corporate,9,226.51,0.0,2038.59,485.92
ORD-11824,2023-11-25,East,Electronics,Headphones,Home Office,5,237.7,0.0,1188.5,266.13
ORD-11825,2023-09-24,East,Office Supplies,Notebook,Home Office,4,29.74,0.05,113.01,22.97
ORD-11826,2023-03-24,Central,Furniture,Sofa,Consumer,5,436.45,0.2,1745.8,95.45
ORD-11827,2024-03-12,West,Office Supplies,Folder,Corporate,2,15.59,0.1,28.06,8.41
ORD-11828,2024-11-30,Central,Office Supplies,Stapler,Home Office,4,39.57,0.05,150.37,45.57
ORD-11829,2024-10-07,South,Furniture,Bookshelf,Corporate,3,476.87,0.05,1359.08,359.83
ORD-11830,2024-02-13,West,Office Supplies,Folder,Consumer,2,40.92,0.1,73.66,25.71
ORD-11831,2023-11-07,North,Office Supplies,Folder,Home Office,9,30.52,0.15,233.48,52.73
ORD-11832,2024-12-04,West,Electronics,Monitor,Corporate,9,859.35,0.1,6960.74,1431.4
ORD-11833,2023-04-05,East,Office Supplies,Printer Paper,Consumer,8,20.01,0.2,128.06,34.95
ORD-11834,2023-09-27,West,Office Supplies,Notebook,Home Office,1,3.26,0.15,2.77,0.62
ORD-11835,2023-08-03,West,Electronics,Laptop,Home Office,4,82.42,0.2,263.74,41.04
ORD-11836,2023-04-04,South,Office Supplies,Printer Paper,Corporate,5,49.0,0.0,245.0,82.36
ORD-11837,2024-06-04,South,Electronics,Headphones,Home Office,2,118.03,,236.06,60.65
ORD-11838,2023-04-08,North,Electronics,Laptop,Home Office,6,1044.18,0.0,6265.08,661.24
ORD-11839,2023-10-05,North,Office Supplies,Folder,Consumer,2,22.87,0.1,41.17,11.83
ORD-11840,2024-06-06,South,Furniture,Lamp,Home Office,3,571.2,0.2,1370.88,289.59
ORD-11841,2024-02-10,Central,Office Supplies,Folder,Consumer,2,54.57,0.0,109.14,5.79
ORD-11842,2024-12-28,West,Furniture,Chair,Home Office,9,277.26,0.0,2495.34,728.78
ORD-11843,2023-10-15,South,Office Supplies,Folder,Corporate,4,4.68,0.0,18.72,6.26
ORD-11844,2023-02-01,East,Office Supplies,Pen Set,Corporate,2,48.15,0.1,86.67,13.3
ORD-11845,2023-02-22,Central,Electronics,Monitor,Home Office,7,988.22,0.2,5534.03,947.93
ORD-11846,2024-10-30,North,Electronics,Keyboard,Home Office,8,838.99,0.1,6040.73,904.07
ORD-11847,2023-06-13,South,Furniture,Sofa,Home Office,5,285.67,0.0,1428.35,181.11
ORD-11848,2024-07-26,South,Furniture,Desk,Home Office,4,515.8,0.0,2063.2,442.32
ORD-11849,2024-06-20,East,Electronics,Laptop,Home Office,6,1041.99,0.0,6251.94,1710.32
ORD-11850,2023-10-22,East,Furniture,Sofa,Consumer,3,254.06,0.05,724.07,83.37
ORD-11851,2023-05-29,North,Electronics,Smartphone,Consumer,7,225.45,0.1,1420.33,297.34
ORD-11852,2023-10-03,Central,Electronics,Keyboard,Consumer,5,696.72,0.2,2786.88,411.26
ORD-11853,2023-05-09,West,Electronics,Laptop,Consumer,1,190.53,0.0,190.53,21.68
ORD-11854,2023-05-21,Central,Electronics,Monitor,Home Office,7,605.85,0.1,3816.86,667.28
ORD-11855,2024-05-01,Central,Electronics,Keyboard,Corporate,8,962.02,0.0,7696.16,2393.1
ORD-11856,2023-04-25,West,Office Supplies,Notebook,Consumer,9,31.42,0.1,254.5,67.72
ORD-11857,2023-09-30,South,Electronics,Keyboard,Consumer,2,70.95,0.0,141.9,38.95
ORD-11858,2023-11-29,Central,Furniture,Bookshelf,Home Office,4,74.27,0.05,282.23,30.87
ORD-11859,2023-12-29,West,Furniture,Lamp,Corporate,2,603.06,0.1,1085.51,290.66
ORD-11860,2024-07-01,South,Office Supplies,Folder,Consumer,1,13.52,0.0,13.52,4.05
ORD-11861,2024-02-23,East,Office Supplies,Folder,Corporate,5,10.32,0.0,51.6,4.06
ORD-11862,2023-12-07,Central,Electronics,Laptop,Corporate,6,713.52,0.0,4281.12,1241.36
ORD-11863,2023-07-05,West,Electronics,Smartphone,Consumer,1,1046.8,0.05,994.46,116.61
ORD-11864,2024-12-03,East,Electronics,Laptop,Corporate,9,633.71,0.0,5703.39,1258.5
ORD-11865,2024-03-20,East,Electronics,Keyboard,Home Office,8,303.11,0.0,2424.88,570.41
ORD-11866,2023-05-07,South,Electronics,Keyboard,Home Office,7,168.22,0.05,1118.66,303.67
ORD-11867,2024-10-17,North,Electronics,Laptop,Corporate,2,696.97,0.1,1254.55,282.41
ORD-11868,2023-03-14,South,Furniture,Chair,Corporate,6,702.44,0.1,3793.18,1278.02
ORD-11869,2024-05-19,West,Electronics,Headphones,Corporate,9,1113.07,0.0,10017.63,2605.14
ORD-11870,2023-09-06,West,Electronics,Keyboard,Home Office,3,458.5,0.05,1306.72,125.15
ORD-11871,2023-03-10,North,Electronics,Laptop,Consumer,8,1048.18,0.1,7546.9,2039.34
ORD-11872,2024-07-09,North,Electronics,Headphones,Home Office,1,766.56,0.05,728.23,84.28
ORD-11873,2024-04-11,Central,Furniture,Sofa,Home Office,1,401.83,0.0,401.83,126.67
ORD-11874,2024-02-07,East,Electronics,Monitor,Corporate,2,462.67,0.15,786.54,261.65
ORD-11875,2023-11-25,West,Electronics,Smartphone,Corporate,1,300.13,0.15,255.11,18.98
ORD-11876,2024-03-31,North,Electronics,Monitor,Consumer,4,257.16,0.0,1028.64,277.01
ORD-11877,2023-10-03,Central,Electronics,Headphones,Home Office,8,918.46,0.2,5878.14,1902.23
ORD-11878,2024-02-24,West,Electronics,Monitor,Consumer,9,569.59,0.15,4357.36,279.25
ORD-11879,2023-03-28,Central,Office Supplies,Printer Paper,Home Office,5,43.81,0.0,219.05,61.45
ORD-11880,2023-01-05,East,Electronics,Monitor,Consumer,4,413.19,0.1,1487.48,328.77
ORD-11881,2024-12-12,Central,Furniture,Lamp,Home Office,6,787.89,0.1,4254.61,588.3
ORD-11882,2024-09-18,South,Electronics,Laptop,Home Office,1,69.11,0.0,69.11,14.73
ORD-11883,2023-03-06,South,Electronics,Monitor,Corporate,6,845.29,0.0,5071.74,1166.81
ORD-11884,2023-09-26,Central,Electronics,Keyboard,Consumer,7,651.52,0.05,4332.61,764.43
ORD-11885,2024-09-03,North,Electronics,Monitor,Corporate,1,669.84,0.0,669.84,86.88
ORD-11886,2024-03-11,South,Electronics,Headphones,Corporate,2,857.37,0.0,1714.74,413.84
ORD-11887,2023-08-15,,Office Supplies,Notebook,Home Office,2,37.26,0.05,70.79,24.75
ORD-11888,2024-03-21,South,Electronics,Monitor,Consumer,1,390.38,0.0,390.38,68.27
ORD-11889,2024-11-24,East,Furniture,Desk,Home Office,4,566.76,0.15,1926.98,224.8
ORD-11890,2023-04-12,Central,Electronics,Smartphone,Consumer,5,169.6,0.05,805.6,51.15
ORD-11891,2024-08-15,East,Furniture,Sofa,Home Office,8,431.04,0.1,3103.49,635.26
ORD-11892,2024-06-09,West,Furniture,Lamp,Consumer,4,236.99,0.05,900.56,71.42
ORD-11893,2024-09-03,West,Electronics,Laptop,Consumer,1,662.28,0.05,629.17,155.05
ORD-11894,2024-08-19,South,Office Supplies,Folder,Home Office,5,46.23,0.0,231.15,14.43
ORD-11895,2023-10-24,East,Electronics,Headphones,Corporate,4,1142.99,0.1,4114.76,929.45
ORD-11896,2024-06-22,East,Office Supplies,Notebook,Consumer,5,45.5,0.15,193.38,65.13
ORD-11897,2023-02-01,East,Electronics,Laptop,Home Office,9,106.22,0.0,955.98,96.28
ORD-11898,2023-05-23,North,Office Supplies,Folder,Consumer,6,51.15,0.15,260.86,73.42
ORD-11899,2023-09-30,North,Furniture,Desk,Consumer,6,503.37,0.0,3020.22,774.46
ORD-11900,2024-02-25,South,Electronics,Headphones,Home Office,6,535.22,0.05,3050.75,872.1
ORD-11901,2023-04-07,South,Office Supplies,Folder,Home Office,9,53.45,0.0,481.05,161.57
ORD-11902,2024-11-09,North,Office Supplies,Printer Paper,Home Office,8,30.54,0.05,232.1,77.52
ORD-11903,2023-06-16,South,Office Supplies,Printer Paper,Corporate,5,23.73,0.1,106.79,32.09
ORD-11904,2024-03-10,East,Electronics,Monitor,Home Office,9,861.4,0.1,6977.34,362.49
ORD-11905,2023-12-29,North,Electronics,Laptop,Corporate,9,710.99,0.05,6078.96,987.72
ORD-11906,2023-12-22,East,Furniture,Lamp,Consumer,1,796.41,0.0,796.41,56.84
ORD-11907,2023-03-07,West,Electronics,Laptop,Corporate,9,236.97,0.0,2132.73,593.71
ORD-11908,2024-06-17,North,Furniture,Lamp,Corporate,6,364.63,0.05,2078.39,332.46
ORD-11909,2024-10-28,West,Electronics,Keyboard,Home Office,7,789.98,0.2,4423.89,1175.86
ORD-11910,2023-01-21,South,Furniture,Bookshelf,Consumer,1,55.01,0.0,55.01,6.77
ORD-11911,2023-08-13,South,Furniture,Lamp,Consumer,9,238.66,0.1,1933.15,593.95
ORD-11912,2024-08-20,East,Electronics,Smartphone,Home Office,8,413.13,0.1,2974.54,301.71
ORD-11913,2024-04-16,South,Furniture,Bookshelf,Consumer,1,142.45,0.15,121.08,6.61
ORD-11914,2023-05-17,North,Furniture,Bookshelf,Consumer,7,420.51,0.0,2943.57,981.64
ORD-11915,2023-02-19,South,Office Supplies,Pen Set,Corporate,8,43.87,0.0,350.96,34.31
ORD-11916,2024-07-22,South,Furniture,Lamp,Consumer,5,770.05,0.0,3850.25,523.51
ORD-11917,2023-10-18,North,Office Supplies,Pen Set,Consumer,5,56.27,0.2,225.08,49.61
ORD-11918,2024-04-11,North,Electronics,Headphones,Consumer,5,946.11,0.2,3784.44,562.37
ORD-11919,2023-01-22,East,Electronics,Laptop,Corporate,2,1058.37,0.05,2010.9,207.86
ORD-11920,2024-07-07,North,Electronics,Laptop,Home Office,9,509.44,0.1,4126.46,231.62
ORD-11921,2024-09-29,West,Electronics,Smartphone,Home Office,4,1147.12,0.1,4129.63,606.22
ORD-11922,2024-02-29,East,Office Supplies,Pen Set,Corporate,9,18.77,0.0,168.93,47.41
ORD-11923,2024-11-20,Central,Office Supplies,Stapler,Home Office,9,13.82,0.1,111.94,11.51
ORD-11924,2023-02-27,Central,Furniture,Chair,Corporate,1,407.88,0.2,326.3,20.56
ORD-11925,2023-01-05,South,Electronics,Monitor,Consumer,6,381.95,0.0,2291.7,484.56
ORD-11926,2024-12-20,South,Electronics,Monitor,Consumer,9,1111.6,0.0,10004.4,1259.41
ORD-11927,2024-08-07,North,Office Supplies,Stapler,Corporate,4,49.17,0.1,177.01,54.25
ORD-11928,2023-02-05,North,Office Supplies,Notebook,Home Office,7,45.56,0.1,287.03,29.71
ORD-11929,2024-11-08,West,Office Supplies,Printer Paper,Corporate,1,4.05,0.1,3.64,1.01
ORD-11930,2023-04-13,South,Office Supplies,Printer Paper,Consumer,1,13.88,0.0,13.88,3.34
ORD-11931,2023-04-03,Central,Office Supplies,Printer Paper,Home Office,1,12.1,0.05,11.5,1.51
ORD-11932,2024-01-14,Central,Furniture,Desk,Corporate,6,489.73,0.0,2938.38,956.12
ORD-11933,2023-03-26,South,Electronics,Keyboard,Home Office,7,1095.03,0.05,7281.95,651.16
ORD-11934,2023-08-13,Central,Electronics,Headphones,Home Office,8,262.78,0.1,1892.02,148.05
ORD-11935,2024-09-08,Central,Furniture,Lamp,Corporate,4,691.23,0.0,2764.92,864.49
ORD-11936,2023-02-26,Central,Office Supplies,Stapler,Corporate,1,56.45,0.0,56.45,16.33
ORD-11937,2024-02-02,North,Office Supplies,Stapler,Consumer,6,10.5,0.0,63.0,18.55
ORD-11938,2023-12-17,East,Furniture,Lamp,Consumer,7,99.26,0.1,625.34,126.15
ORD-11939,2023-08-23,East,Furniture,Lamp,Consumer,3,121.72,0.2,292.13,71.05
ORD-11940,2023-01-09,East,Electronics,Headphones,Corporate,8,661.5,0.1,4762.8,1077.88
ORD-11941,2024-03-29,West,Furniture,Chair,Consumer,8,601.18,0.05,4568.97,603.08
ORD-11942,2023-04-09,South,Furniture,Sofa,Corporate,8,626.24,0.0,5009.92,455.39
ORD-11943,2023-10-06,West,Office Supplies,Stapler,Corporate,3,40.49,0.0,121.47,29.69
ORD-11944,2024-06-16,North,Furniture,Chair,Home Office,3,213.73,0.05,609.13,41.69
ORD-11945,2024-12-28,East,Office Supplies,Pen Set,Consumer,7,17.56,0.2,98.34,24.83
ORD-11946,2023-07-23,West,Office Supplies,Folder,Consumer,2,20.87,0.0,41.74,5.25
ORD-11947,2023-02-06,North,Office Supplies,Notebook,Home Office,8,19.68,0.0,157.44,23.01
ORD-11948,2023-05-16,East,Furniture,Desk,Home Office,2,187.89,0.0,375.78,64.14
ORD-11949,2024-09-16,North,Furniture,Sofa,Consumer,2,491.01,0.1,883.82,239.46
ORD-11950,2023-09-10,North,Furniture,Bookshelf,Home Office,5,717.86,0.0,3589.3,644.2
ORD-11951,2024-09-02,South,Furniture,Bookshelf,Consumer,5,371.79,,1487.16,398.68
ORD-11952,2023-11-06,West,Electronics,Keyboard,Corporate,8,81.15,0.1,584.28,151.01
ORD-11953,2023-03-02,Central,Office Supplies,Pen Set,Home Office,2,40.59,0.0,81.18,22.98
ORD-11954,2024-11-12,West,Office Supplies,Stapler,Corporate,3,33.99,0.05,96.87,5.99
ORD-11955,2023-01-26,South,Electronics,Monitor,Consumer,4,426.33,,1705.32,337.72
ORD-11956,2023-01-25,East,Furniture,Sofa,Corporate,3,40.39,0.15,102.99,19.36
ORD-11957,2024-12-08,North,Office Supplies,Folder,Corporate,5,31.27,0.0,156.35,40.19
ORD-11958,2023-04-09,East,Electronics,Monitor,Home Office,1,1072.23,0.1,965.01,132.93
ORD-11959,2023-06-24,Central,Electronics,Keyboard,Corporate,2,1180.27,0.05,2242.51,687.12
ORD-11960,2023-11-01,South,Office Supplies,Folder,Consumer,3,39.1,0.1,105.57,32.2
ORD-11961,2023-11-19,East,Electronics,Smartphone,Corporate,5,897.98,0.05,4265.4,840.24
ORD-11962,2023-12-13,North,Electronics,Monitor,Home Office,2,996.28,0.05,1892.93,206.55
ORD-11963,2023-11-10,South,Electronics,Smartphone,Corporate,9,691.86,0.0,6226.74,1018.95
ORD-11964,2024-03-18,West,Furniture,Desk,Home Office,7,228.86,0.1,1441.82,318.6
ORD-11965,2023-08-29,West,Office Supplies,Pen Set,Corporate,4,53.91,,215.64,29.92
ORD-11966,2023-04-11,Central,Furniture,Chair,Home Office,6,395.19,0.0,2371.14,644.05
ORD-11967,2023-12-26,South,Office Supplies,Folder,Consumer,7,40.52,0.0,283.64,49.6
ORD-11968,2023-10-05,West,Electronics,Smartphone,Consumer,8,1086.03,0.05,8253.83,2769.58
ORD-11969,2024-11-30,North,Electronics,Headphones,Consumer,2,1137.66,0.1,2047.79,693.25
ORD-11970,2023-01-27,Central,Furniture,Desk,Home Office,9,748.26,0.0,6734.34,543.9
ORD-11971,2024-12-30,,Furniture,Chair,Consumer,6,193.47,0.15,986.7,317.34
ORD-11972,2023-08-08,West,Office Supplies,Stapler,Corporate,7,35.33,0.05,234.94,47.21
ORD-11973,2024-08-10,West,Office Supplies,Folder,Home Office,5,37.42,0.05,177.74,40.75
ORD-11974,2023-06-27,Central,Furniture,Lamp,Home Office,9,447.08,0.15,3420.16,424.04
ORD-11975,2024-01-01,Central,Office Supplies,Folder,Consumer,3,13.33,0.0,39.99,13.66
ORD-11976,2024-07-19,South,Office Supplies,Stapler,Consumer,6,8.0,0.0,48.0,11.16
ORD-11977,2023-10-04,East,Electronics,Keyboard,Home Office,4,352.18,0.2,1126.98,270.72
ORD-11978,2024-06-16,West,Electronics,Keyboard,Home Office,1,888.31,0.0,888.31,173.95
ORD-11979,2024-03-26,North,Office Supplies,Folder,Corporate,2,6.58,0.0,13.16,4.14
ORD-11980,2023-11-24,South,Office Supplies,Folder,Corporate,6,19.11,0.05,108.93,36.68
ORD-11981,2023-09-14,North,Office Supplies,Printer Paper,Consumer,5,29.01,0.05,137.8,20.83
ORD-11982,2023-05-14,West,Furniture,Chair,Consumer,7,365.05,0.1,2299.82,172.28
ORD-11983,2023-11-16,Central,Office Supplies,Folder,Consumer,6,40.62,0.15,207.16,36.37
ORD-11984,2024-07-12,West,Furniture,Lamp,Corporate,9,485.05,0.0,4365.45,1345.59
ORD-11985,2023-06-20,Central,Furniture,Desk,Consumer,8,533.2,0.0,4265.6,576.98
ORD-11986,2024-04-21,North,Office Supplies,Pen Set,Home Office,2,46.72,0.15,79.42,18.83
ORD-11987,2023-09-01,North,Electronics,Monitor,Corporate,4,359.57,0.15,1222.54,162.44
ORD-11988,2024-05-30,Central,Furniture,Lamp,Home Office,3,765.4,0.0,2296.2,391.2
ORD-11989,2024-05-07,South,Office Supplies,Folder,Consumer,6,46.31,0.0,277.86,57.51
ORD-11990,2023-02-15,West,Office Supplies,Printer Paper,Consumer,3,45.18,0.2,108.43,22.55
ORD-11991,2024-10-28,East,Electronics,Headphones,Consumer,6,548.69,0.05,3127.53,339.04
ORD-11992,2024-11-10,Central,Office Supplies,Notebook,Corporate,6,10.49,0.0,62.94,9.01
ORD-11993,2024-11-09,East,Office Supplies,Folder,Consumer,7,50.83,0.0,355.81,106.22
ORD-11994,2024-05-20,South,Electronics,Headphones,Corporate,4,211.18,0.0,844.72,144.36
ORD-11995,2023-12-31,East,Electronics,Keyboard,Home Office,8,1069.04,0.1,7697.09,1538.18
ORD-11996,2023-09-05,North,Furniture,Sofa,Home Office,3,271.52,0.05,773.83,58.72
ORD-11997,2023-09-03,Central,Furniture,Chair,Corporate,5,210.64,0.05,1000.54,199.57
ORD-11998,2024-07-14,West,Office Supplies,Stapler,Corporate,7,47.91,0.0,335.37,29.07
ORD-11999,2024-02-11,Central,Office Supplies,Folder,Consumer,8,39.34,,314.72,39.35
ORD-12000,2024-01-27,West,Office Supplies,Printer Paper,Home Office,9,4.81,0.0,43.29,4.67
ORD-12001,2024-06-23,West,Electronics,Keyboard,Consumer,4,1084.11,0.05,4119.62,353.53
ORD-12002,2023-06-26,South,Office Supplies,Folder,Home Office,9,47.97,0.1,388.56,118.68
ORD-12003,2024-03-11,Central,Electronics,Headphones,Corporate,4,970.8,0.05,3689.04,337.71
ORD-12004,2023-04-15,East,Office Supplies,Pen Set,Consumer,7,20.15,0.05,134.0,35.25
ORD-12005,2023-01-29,Central,Office Supplies,Folder,Corporate,3,40.68,0.0,122.04,22.85
ORD-12006,2023-07-19,North,Furniture,Lamp,Consumer,9,216.55,0.0,1948.95,128.34
ORD-12007,2024-05-13,East,Furniture,Bookshelf,Home Office,3,478.73,,1436.19,386.13
ORD-12008,2024-07-21,Central,Furniture,Desk,Corporate,4,533.76,0.2,1708.03,182.78
ORD-12009,2023-05-13,West,Office Supplies,Pen Set,Consumer,1,12.82,0.1,11.54,1.61
ORD-12010,2023-11-20,North,Office Supplies,Stapler,Corporate,4,58.1,0.15,197.54,14.67
ORD-12011,2023-02-22,Central,Electronics,Headphones,Consumer,5,1088.07,0.0,5440.35,308.33
ORD-12012,2024-10-15,South,Electronics,Headphones,Corporate,8,257.73,0.05,1958.75,534.84
ORD-12013,2023-06-09,West,Furniture,Desk,Consumer,7,791.98,0.05,5266.67,1117.47
ORD-12014,2024-01-11,East,Office Supplies,Stapler,Home Office,3,57.02,0.1,153.95,12.86
ORD-12015,2024-02-07,East,Furniture,Sofa,Home Office,8,330.89,0.0,2647.12,354.47
ORD-12016,2024-10-12,South,Electronics,Headphones,Home Office,3,1033.04,0.0,3099.12,821.58
ORD-12017,2023-12-26,East,Electronics,Monitor,Consumer,4,803.74,0.05,3054.21,650.51
ORD-12018,2024-10-21,East,Furniture,Chair,Home Office,1,519.55,0.15,441.62,39.07
ORD-12019,2023-06-02,South,Office Supplies,Stapler,Consumer,3,5.19,0.05,14.79,3.97
ORD-12020,2024-02-21,,Electronics,Keyboard,Corporate,3,787.99,,2363.97,750.68
ORD-12021,2023-03-11,West,Electronics,Laptop,Consumer,5,691.82,0.15,2940.24,646.97
ORD-12022,2023-12-29,North,Furniture,Bookshelf,Home Office,9,580.14,0.15,4438.07,1538.8
ORD-12023,2023-05-07,West,Office Supplies,Folder,Corporate,1,6.51,0.2,5.21,1.37
ORD-12024,2024-05-22,South,Office Supplies,Pen Set,Corporate,3,25.29,0.1,68.28,21.77
ORD-12025,2023-06-19,North,Electronics,Keyboard,Corporate,4,52.23,0.0,208.92,50.89
ORD-12026,2024-08-14,East,Furniture,Desk,Home Office,1,576.5,0.05,547.67,95.67
ORD-12027,2024-03-12,North,Furniture,Bookshelf,Home Office,2,573.88,0.05,1090.37,302.65
ORD-12028,2024-12-16,North,Furniture,Lamp,Corporate,9,54.56,0.0,491.04,81.12
ORD-12029,2024-12-20,North,Electronics,Headphones,Home Office,2,54.34,0.1,97.81,31.08
ORD-12030,2023-07-09,West,Furniture,Sofa,Home Office,8,243.34,0.1,1752.05,117.97
ORD-12031,2024-06-13,Central,Office Supplies,Printer Paper,Consumer,1,16.02,0.05,15.22,4.35
ORD-12032,2023-06-28,West,Electronics,Keyboard,Home Office,7,556.56,0.1,3506.33,1037.92
ORD-12033,2023-07-15,South,Electronics,Monitor,Consumer,7,394.77,0.05,2625.22,626.44
ORD-12034,2024-02-26,South,Furniture,Lamp,Consumer,1,73.74,0.0,73.74,23.9
ORD-12035,2023-09-29,East,Furniture,Desk,Consumer,9,527.91,0.1,4276.07,903.48
ORD-12036,2023-09-03,North,Furniture,Desk,Home Office,6,775.74,0.0,4654.44,693.4
ORD-12037,2024-05-01,North,Electronics,Headphones,Home Office,2,1152.06,0.0,2304.12,392.13
ORD-12038,2024-12-30,West,Electronics,Smartphone,Corporate,7,637.4,0.0,4461.8,718.82
ORD-12039,2024-11-13,Central,Office Supplies,Pen Set,Home Office,8,35.75,0.0,286.0,53.67
ORD-12040,2024-04-26,North,Furniture,Chair,Consumer,8,693.95,0.05,5274.02,1241.77
ORD-12041,2023-04-07,Central,Office Supplies,Notebook,Corporate,6,21.72,0.0,130.32,37.84
ORD-12042,2023-12-10,North,Furniture,Desk,Corporate,1,758.06,0.0,758.06,150.58
ORD-12043,2023-03-04,East,Office Supplies,Stapler,Home Office,1,55.09,0.0,55.09,6.57
ORD-12044,2024-10-27,East,Electronics,Monitor,Consumer,5,831.76,0.05,3950.86,255.15
ORD-12045,2023-09-24,East,Electronics,Headphones,Corporate,5,1004.21,0.0,5021.05,921.43
ORD-12046,2023-07-04,South,Furniture,Bookshelf,Home Office,8,719.51,0.2,4604.86,1213.75
ORD-12047,2024-06-20,North,Electronics,Laptop,Consumer,9,170.83,0.2,1229.98,290.38
ORD-12048,2024-02-04,South,Furniture,Bookshelf,Home Office,2,244.12,0.0,488.24,99.9
ORD-12049,2024-10-05,South,Office Supplies,Printer Paper,Consumer,9,14.94,0.0,134.46,25.89
ORD-12050,2023-07-26,North,Electronics,Keyboard,Corporate,9,120.74,0.15,923.66,102.9
ORD-12051,2024-08-04,South,Furniture,Lamp,Home Office,5,771.78,0.0,3858.9,445.97
ORD-12052,2024-03-05,East,Office Supplies,Printer Paper,Home Office,4,20.47,0.1,73.69,7.68
ORD-12053,2024-10-26,Central,Office Supplies,Printer Paper,Consumer,7,6.67,0.0,46.69,7.65
ORD-12054,2023-05-11,North,Office Supplies,Folder,Consumer,2,40.9,0.05,77.71,19.2
ORD-12055,2023-07-08,South,Electronics,Laptop,Home Office,5,1016.56,0.0,5082.8,469.62
ORD-12056,2024-04-16,West,Office Supplies,Pen Set,Home Office,6,15.66,0.1,84.56,26.03
ORD-12057,2023-03-03,South,Office Supplies,Stapler,Corporate,6,42.23,0.0,253.38,65.95
ORD-12058,2024-11-13,West,Office Supplies,Folder,Consumer,9,15.58,0.1,126.2,33.47
ORD-12059,2023-06-12,North,Office Supplies,Stapler,Consumer,5,20.92,0.1,94.14,32.39
ORD-12060,2023-07-19,North,Furniture,Sofa,Corporate,6,150.74,0.0,904.44,185.22
ORD-12061,2023-10-24,West,Office Supplies,Stapler,Consumer,9,4.18,0.0,37.62,3.39
ORD-12062,2023-02-04,East,Electronics,Headphones,Home Office,6,924.03,0.05,5266.97,752.58
ORD-12063,2023-08-07,East,Furniture,Sofa,Home Office,5,188.08,0.15,799.34,239.4
ORD-12064,2023-08-05,North,Office Supplies,Pen Set,Corporate,7,6.37,,44.59,5.09
ORD-12065,2024-08-09,East,Furniture,Desk,Home Office,8,361.15,0.15,2455.82,706.7
ORD-12066,2024-03-31,South,Office Supplies,Pen Set,Home Office,3,17.95,0.15,45.77,4.52
ORD-12067,2024-09-11,East,Electronics,Keyboard,Corporate,9,689.92,0.0,6209.28,1440.82
ORD-12068,2023-02-16,North,Electronics,Smartphone,Consumer,8,280.31,0.05,2130.36,474.04
ORD-12069,2023-06-24,North,Furniture,Lamp,Corporate,3,460.48,0.05,1312.37,86.58
ORD-12070,2024-02-03,Central,Furniture,Desk,Home Office,7,224.95,0.0,1574.65,482.68
ORD-12071,2023-01-14,Central,Electronics,Monitor,Corporate,6,132.4,0.0,794.4,48.43
ORD-12072,2023-11-07,West,Electronics,Keyboard,Home Office,2,1068.7,0.0,2137.4,392.83
ORD-12073,2023-12-31,North,Furniture,Chair,Corporate,6,222.1,0.15,1132.71,222.45
ORD-12074,2024-02-04,South,Electronics,Headphones,Corporate,8,382.32,0.0,3058.56,1059.71
ORD-12075,2023-07-24,North,Office Supplies,Notebook,Corporate,5,37.29,0.05,177.13,19.25
ORD-12076,2024-09-02,North,Electronics,Headphones,Corporate,2,316.02,0.2,505.63,111.8
ORD-12077,2024-04-15,North,Electronics,Laptop,Home Office,3,726.25,0.0,2178.75,228.72
ORD-12078,2024-01-23,South,Furniture,Chair,Consumer,5,287.36,0.1,1293.12,218.37
ORD-12079,2024-05-15,South,Electronics,Monitor,Corporate,3,346.44,0.05,987.35,333.07
ORD-12080,2024-01-22,East,Office Supplies,Pen Set,Corporate,2,31.71,0.0,63.42,6.23
ORD-12081,2024-05-15,East,Electronics,Headphones,Consumer,8,674.28,0.1,4854.82,1335.02
ORD-12082,2023-08-23,South,Office Supplies,Pen Set,Corporate,4,31.17,0.1,112.21,27.47
ORD-12083,2023-09-15,Central,Electronics,Monitor,Consumer,1,201.69,0.15,171.44,14.55
ORD-12084,2024-03-30,East,Furniture,Lamp,Corporate,1,241.62,0.2,193.3,45.44
ORD-12085,2024-10-15,East,Furniture,Lamp,Corporate,6,283.53,0.05,1616.12,186.23
ORD-12086,2023-02-21,East,Office Supplies,Notebook,Corporate,3,37.3,0.1,100.71,23.91
ORD-12087,2023-04-01,South,Electronics,Smartphone,Consumer,6,1047.31,0.05,5969.67,417.59
ORD-12088,2024-10-12,South,Furniture,Sofa,Consumer,2,108.82,0.0,217.64,21.45
ORD-12089,2023-11-10,South,Office Supplies,Pen Set,Home Office,8,44.06,0.0,352.48,41.98
ORD-12090,2023-01-10,Central,Office Supplies,Notebook,Consumer,8,33.52,0.15,227.94,65.39
ORD-12091,2024-05-21,North,Electronics,Laptop,Consumer,4,588.99,0.05,2238.16,420.15
ORD-12092,2023-07-11,North,Office Supplies,Notebook,Home Office,8,50.79,0.15,345.37,29.57
ORD-12093,2023-12-04,South,Office Supplies,Folder,Home Office,8,5.17,0.1,37.22,3.53
ORD-12094,2024-08-02,West,Office Supplies,Pen Set,Corporate,3,33.6,0.1,90.72,5.06
ORD-12095,2023-01-31,East,Office Supplies,Pen Set,Corporate,3,46.95,0.0,140.85,20.35
ORD-12096,2024-02-16,South,Furniture,Sofa,Home Office,2,157.19,0.1,282.94,30.56
ORD-12097,2023-05-06,East,Electronics,Keyboard,Home Office,2,494.63,0.0,989.26,108.5
ORD-12098,2024-03-27,South,Furniture,Sofa,Home Office,1,548.64,0.05,521.21,77.67
ORD-12099,2023-07-24,South,Electronics,Headphones,Home Office,2,673.84,0.05,1280.3,73.42
ORD-12100,2023-05-19,East,Electronics,Smartphone,Consumer,9,130.0,0.0,1170.0,77.13
ORD-12101,2023-03-05,South,Furniture,Desk,Corporate,6,271.85,0.0,1631.1,366.97
ORD-12102,2024-10-31,Central,Office Supplies,Folder,Corporate,4,35.9,0.1,129.24,22.45
ORD-12103,2024-08-24,South,Electronics,Monitor,Consumer,5,856.37,0.05,4067.76,728.37
ORD-12104,2023-04-08,South,Electronics,Headphones,Home Office,5,820.97,0.2,3283.88,853.7
ORD-12105,2023-08-24,West,Electronics,Headphones,Consumer,8,782.08,0.0,6256.64,1981.98
ORD-12106,2024-02-15,West,Electronics,Smartphone,Home Office,5,969.02,0.1,4360.59,545.71
ORD-12107,2024-09-12,East,Office Supplies,Printer Paper,Corporate,6,36.2,0.1,195.48,11.21
ORD-12108,2024-03-28,North,Electronics,Headphones,Consumer,1,1001.93,0.0,1001.93,54.72
ORD-12109,2023-05-17,North,Office Supplies,Pen Set,Home Office,1,56.43,0.0,56.43,3.16
ORD-12110,2024-09-05,East,Furniture,Lamp,Consumer,8,486.56,0.2,3113.98,255.8
ORD-12111,2023-05-16,South,Office Supplies,Notebook,Home Office,9,25.79,0.2,185.69,45.56
ORD-12112,2024-01-10,North,Office Supplies,Pen Set,Consumer,8,17.46,0.2,111.74,17.26
ORD-12113,2024-06-02,East,Electronics,Headphones,Consumer,7,295.18,0.05,1962.95,591.97
ORD-12114,2023-07-02,West,Electronics,Keyboard,Consumer,4,512.41,0.2,1639.71,530.12
ORD-12115,2023-12-27,,Furniture,Desk,Corporate,1,600.64,0.0,600.64,143.13
ORD-12116,2023-01-26,South,Furniture,Lamp,Home Office,6,442.5,0.15,2256.75,588.18
ORD-12117,2024-12-22,West,Electronics,Laptop,Corporate,6,1019.47,0.1,5505.14,1619.77
ORD-12118,2023-11-18,East,Furniture,Bookshelf,Consumer,1,693.19,0.1,623.87,125.17
ORD-12119,2024-08-12,West,Furniture,Chair,Corporate,3,776.55,0.0,2329.65,290.57
ORD-12120,2024-10-27,West,Furniture,Lamp,Corporate,6,483.66,0.0,2901.96,352.63
ORD-12121,2023-07-10,West,Furniture,Sofa,Home Office,2,763.22,0.0,1526.44,400.47
ORD-12122,2024-07-16,South,Office Supplies,Pen Set,Home Office,2,22.61,0.05,42.96,11.56
ORD-12123,2023-10-16,South,Furniture,Bookshelf,Corporate,4,545.67,0.1,1964.41,255.92
ORD-12124,2024-02-12,East,Office Supplies,Printer Paper,Consumer,4,50.37,0.05,191.41,17.72
ORD-12125,2024-01-11,Central,Electronics,Monitor,Corporate,3,522.32,0.0,1566.96,389.68
ORD-12126,2024-10-24,South,Electronics,Monitor,Consumer,9,157.5,0.0,1417.5,371.09
ORD-12127,2024-07-17,West,Furniture,Bookshelf,Home Office,4,640.17,0.1,2304.61,457.13
ORD-12128,2024-08-11,North,Electronics,Smartphone,Consumer,2,1079.06,0.0,2158.12,387.07
ORD-12129,2023-10-24,North,Furniture,Sofa,Home Office,3,484.79,0.0,1454.37,341.78
ORD-12130,2024-08-23,South,Office Supplies,Stapler,Home Office,5,44.41,0.0,222.05,17.3
ORD-12131,2024-04-05,South,Furniture,Lamp,Consumer,2,162.29,0.2,259.66,39.86
ORD-12132,2024-12-15,South,Office Supplies,Notebook,Home Office,2,37.75,0.0,75.5,26.2
ORD-12133,2023-04-28,South,Furniture,Sofa,Home Office,5,624.63,0.05,2966.99,769.13
ORD-12134,2023-01-24,Central,Furniture,Chair,Home Office,9,680.19,0.1,5509.54,1495.0
ORD-12135,2023-11-03,North,Office Supplies,Notebook,Home Office,5,33.43,0.15,142.08,18.7
ORD-12136,2023-10-15,South,Office Supplies,Notebook,Consumer,6,48.99,0.05,279.24,94.07
ORD-12137,2023-09-01,South,Office Supplies,Notebook,Home Office,6,31.76,0.05,181.03,23.45
ORD-12138,2023-04-12,Central,Electronics,Headphones,Home Office,3,590.32,0.1,1593.86,267.23
ORD-12139,2023-04-17,South,Office Supplies,Notebook,Corporate,8,58.66,0.05,445.82,91.99
ORD-12140,2024-12-21,West,Electronics,Headphones,Consumer,4,949.02,0.0,3796.08,1058.53
ORD-12141,2023-08-19,South,Furniture,Lamp,Home Office,5,774.0,0.0,3870.0,377.51
ORD-12142,2024-02-29,Central,Office Supplies,Folder,Home Office,5,12.59,0.0,62.95,16.57
ORD-12143,2023-11-18,South,Office Supplies,Notebook,Home Office,8,44.47,0.15,302.4,31.01
ORD-12144,2024-08-29,North,Furniture,Chair,Consumer,3,291.29,0.0,873.87,262.48
ORD-12145,2023-12-16,Central,Electronics,Headphones,Consumer,6,1073.2,0.15,5473.32,1902.16
ORD-12146,2023-01-11,North,Furniture,Chair,Consumer,8,82.52,0.05,627.15,74.1
ORD-12147,2024-11-17,East,Office Supplies,Notebook,Consumer,8,20.51,0.05,155.88,40.35
ORD-12148,2023-04-04,West,Electronics,Keyboard,Corporate,8,836.45,0.05,6357.02,2020.42
ORD-12149,2024-01-12,Central,Electronics,Laptop,Corporate,4,81.42,0.05,309.4,46.29
ORD-12150,2023-01-24,South,Office Supplies,Stapler,Corporate,3,35.5,0.0,106.5,36.29
ORD-12151,2024-02-14,Central,Furniture,Lamp,Corporate,6,268.32,0.05,1529.42,381.3
ORD-12152,2023-01-24,North,Office Supplies,Notebook,Home Office,7,51.69,0.0,361.83,19.01
ORD-12153,2023-01-03,West,Furniture,Lamp,Home Office,9,344.94,0.0,3104.46,187.29
ORD-12154,2023-12-28,West,Furniture,Sofa,Corporate,8,583.26,0.05,4432.78,536.09
ORD-12155,2024-06-28,East,Electronics,Keyboard,Home Office,6,618.18,0.05,3523.63,1216.73
ORD-12156,2024-12-19,Central,Electronics,Smartphone,Home Office,5,784.86,0.1,3531.87,1071.43
ORD-12157,2023-01-30,North,Furniture,Desk,Consumer,3,459.49,0.2,1102.78,124.0
ORD-12158,2024-09-12,North,Electronics,Keyboard,Corporate,9,833.82,0.1,6753.94,1257.28
ORD-12159,2023-08-25,East,Electronics,Smartphone,Corporate,5,247.53,0.0,1237.65,391.36
ORD-12160,2023-05-30,West,Electronics,Smartphone,Consumer,2,697.92,0.0,1395.84,415.89
ORD-12161,2024-11-14,South,Office Supplies,Pen Set,Consumer,8,35.17,0.0,281.36,75.43
ORD-12162,2023-08-14,South,Office Supplies,Pen Set,Consumer,9,31.16,0.05,266.42,46.09
ORD-12163,2023-02-01,South,Electronics,Headphones,Consumer,2,826.87,0.15,1405.68,293.15
ORD-12164,2023-03-01,East,Electronics,Keyboard,Consumer,4,384.3,0.1,1383.48,188.82
ORD-12165,2024-12-06,Central,Office Supplies,Stapler,Home Office,7,42.22,0.2,236.43,54.77
ORD-12166,2024-03-15,West,Office Supplies,Printer Paper,Corporate,4,51.07,0.2,163.42,12.41
ORD-12167,2024-10-01,North,Office Supplies,Folder,Corporate,2,18.16,0.2,29.06,8.91
ORD-12168,2023-02-14,Central,Furniture,Lamp,Home Office,3,789.1,0.1,2130.57,714.12
ORD-12169,2024-04-29,North,Electronics,Headphones,Home Office,1,609.01,0.15,517.66,68.5
ORD-12170,2024-11-15,West,Office Supplies,Folder,Consumer,7,3.56,0.2,19.94,4.6
ORD-12171,2023-02-18,Central,Electronics,Headphones,Home Office,1,61.15,0.2,48.92,15.91
ORD-12172,2023-09-17,West,Office Supplies,Stapler,Home Office,9,50.19,0.0,451.71,89.37
ORD-12173,2024-07-23,South,Electronics,Headphones,Home Office,6,1138.24,0.0,6829.44,2261.18
ORD-12174,2023-07-06,West,Furniture,Sofa,Corporate,3,42.52,0.2,102.05,5.73
ORD-12175,2024-11-07,West,Furniture,Bookshelf,Corporate,3,205.36,0.05,585.28,148.0
ORD-12176,2024-08-15,Central,Electronics,Laptop,Corporate,2,1175.28,0.0,2350.56,352.13
ORD-12177,2024-11-24,East,Office Supplies,Pen Set,Corporate,4,29.18,0.15,99.21,18.81
ORD-12178,2024-12-03,East,Electronics,Monitor,Consumer,1,460.25,0.0,460.25,49.64
ORD-12179,2024-06-11,South,Electronics,Smartphone,Home Office,5,1018.35,0.05,4837.16,257.89
ORD-12180,2023-11-04,Central,Office Supplies,Folder,Corporate,4,38.73,0.1,139.43,19.31
ORD-12181,2024-12-14,East,Furniture,Lamp,Home Office,2,655.59,0.1,1180.06,330.94
ORD-12182,2024-06-24,Central,Electronics,Smartphone,Home Office,7,1135.18,0.0,7946.26,1327.73
ORD-12183,2024-05-04,South,Electronics,Keyboard,Consumer,4,483.27,0.0,1933.08,427.49
ORD-12184,2024-08-05,East,Office Supplies,Notebook,Consumer,9,36.71,0.0,330.39,32.05
ORD-12185,2024-05-21,North,Electronics,Laptop,Home Office,2,246.03,0.0,492.06,66.78
ORD-12186,2023-05-14,South,Office Supplies,Printer Paper,Home Office,6,40.38,0.1,218.05,27.76
ORD-12187,2024-10-23,West,Electronics,Monitor,Corporate,1,519.25,0.15,441.36,74.26
ORD-12188,2023-11-24,South,Furniture,Sofa,Home Office,3,723.8,0.0,2171.4,509.67
ORD-12189,2024-01-11,East,Electronics,Headphones,Corporate,9,465.1,0.2,3348.72,956.33
ORD-12190,2024-03-14,West,Electronics,Headphones,Home Office,8,700.21,0.05,5321.6,332.89
ORD-12191,2024-12-05,East,Office Supplies,Folder,Consumer,7,40.86,0.1,257.42,54.43
ORD-12192,2023-10-04,East,Office Supplies,Stapler,Corporate,9,53.58,0.0,482.22,78.96
ORD-12193,2023-04-27,North,Office Supplies,Printer Paper,Consumer,7,44.83,0.2,251.05,34.79
ORD-12194,2024-10-04,North,Electronics,Monitor,Corporate,5,498.28,0.0,2491.4,783.21
ORD-12195,2023-10-12,West,Electronics,Smartphone,Home Office,2,851.82,0.1,1533.28,345.52
ORD-12196,2024-03-11,West,Furniture,Lamp,Corporate,1,430.19,0.0,430.19,121.24
ORD-12197,2023-01-22,Central,Office Supplies,Stapler,Home Office,9,49.4,0.1,400.14,45.2
ORD-12198,2024-09-07,East,Electronics,Monitor,Home Office,8,819.55,0.0,6556.4,406.35
ORD-12199,2023-02-11,South,Office Supplies,Pen Set,Consumer,5,18.22,0.0,91.1,12.86
ORD-12200,2023-09-05,East,Furniture,Chair,Corporate,7,319.16,0.0,2234.12,777.37
ORD-12201,2023-02-13,Central,Office Supplies,Stapler,Home Office,9,55.89,0.1,452.71,123.29
ORD-12202,2023-09-13,North,Electronics,Laptop,Corporate,1,158.99,0.0,158.99,36.94
ORD-12203,2023-12-27,West,Office Supplies,Pen Set,Consumer,8,35.15,0.0,281.2,21.61
ORD-12204,2024-08-23,West,Office Supplies,Notebook,Consumer,8,28.23,0.1,203.26,30.55
ORD-12205,2024-05-14,West,Electronics,Laptop,Home Office,6,970.39,0.0,5822.34,786.93
ORD-12206,2024-01-09,West,Office Supplies,Stapler,Consumer,2,21.79,0.1,39.22,4.33
ORD-12207,2024-01-06,West,Furniture,Desk,Consumer,8,197.12,0.1,1419.26,361.26
ORD-12208,2023-04-17,East,Office Supplies,Folder,Corporate,8,3.69,0.1,26.57,6.75
ORD-12209,2023-03-23,West,Electronics,Keyboard,Home Office,9,803.11,0.15,6143.79,570.76
ORD-12210,2023-06-05,Central,Office Supplies,Pen Set,Corporate,7,39.54,0.1,249.1,57.62
ORD-12211,2023-07-08,North,Office Supplies,Stapler,Corporate,1,58.42,0.0,58.42,17.24
ORD-12212,2023-12-02,North,Furniture,Lamp,Corporate,2,116.62,,221.58,26.27
ORD-12213,2023-02-28,North,Furniture,Lamp,Home Office,7,544.78,0.0,3813.46,938.47
ORD-12214,2023-02-13,East,Furniture,Lamp,Home Office,2,271.05,0.05,515.0,146.17
ORD-12215,2024-10-22,Central,Furniture,Desk,Home Office,6,122.13,0.15,622.86,133.23
ORD-12216,2024-07-26,North,Office Supplies,Notebook,Corporate,5,31.6,0.0,158.0,52.78
ORD-12217,2024-11-16,Central,Electronics,Smartphone,Consumer,3,1076.15,0.1,2905.61,167.76
ORD-12218,2024-01-05,South,Furniture,Bookshelf,Home Office,6,710.69,0.0,4264.14,1094.96
ORD-12219,2024-10-07,South,Electronics,Smartphone,Home Office,4,604.14,0.05,2295.73,436.34
ORD-12220,2024-01-30,East,Electronics,Headphones,Corporate,5,959.61,0.15,4078.34,717.88
ORD-12221,2024-07-11,East,Furniture,Desk,Home Office,9,618.07,0.05,5284.5,1811.35
ORD-12222,2023-08-23,East,Office Supplies,Stapler,Corporate,3,4.52,0.0,13.56,2.86
ORD-12223,2023-02-12,North,Office Supplies,Folder,Corporate,2,48.11,0.15,81.79,22.86
ORD-12224,2023-06-21,East,Electronics,Monitor,Corporate,3,1191.91,0.0,3575.73,428.45
ORD-12225,2024-05-05,East,Electronics,Keyboard,Home Office,7,404.24,0.1,2546.71,725.41
ORD-12226,2024-03-10,West,Furniture,Desk,Home Office,9,113.26,0.0,1019.34,324.7
ORD-12227,2023-02-07,East,Furniture,Desk,Home Office,3,395.33,0.0,1185.99,175.46
ORD-12228,2023-07-01,East,Electronics,Keyboard,Corporate,5,495.45,0.05,2353.39,622.8
ORD-12229,2024-01-06,Central,Furniture,Desk,Consumer,9,582.66,0.15,4457.35,359.13
ORD-12230,2023-03-18,North,Furniture,Sofa,Home Office,7,697.59,0.0,4883.13,1318.73
ORD-12231,2024-01-23,Central,Furniture,Sofa,Corporate,8,222.27,0.05,1689.25,588.65
ORD-12232,2024-04-20,North,Office Supplies,Stapler,Home Office,3,51.37,0.0,154.11,31.28
ORD-12233,2023-09-01,Central,Furniture,Bookshelf,Consumer,3,524.47,0.1,1416.07,199.72
ORD-12234,2023-10-19,South,Office Supplies,Notebook,Corporate,3,46.0,0.0,138.0,41.85
ORD-12235,2024-07-11,South,Office Supplies,Printer Paper,Corporate,7,16.72,0.0,117.04,22.9
ORD-12236,2023-10-08,West,Electronics,Headphones,Corporate,2,1028.94,0.0,2057.88,253.85
ORD-12237,2024-04-19,East,Furniture,Sofa,Corporate,9,466.9,0.15,3571.78,217.95
ORD-12238,2024-05-30,East,Furniture,Lamp,Corporate,4,542.89,0.1,1954.4,330.41
ORD-12239,2024-06-10,West,Electronics,Laptop,Corporate,9,408.46,0.0,3676.14,1142.3
ORD-12240,2024-08-03,East,Furniture,Lamp,Home Office,8,139.8,0.0,1118.4,324.96
ORD-12241,2024-02-24,Central,Electronics,Smartphone,Corporate,3,680.69,0.2,1633.66,196.46
ORD-12242,2024-06-13,South,Electronics,Smartphone,Consumer,6,455.79,0.0,2734.74,929.47
ORD-12243,2023-09-26,East,Furniture,Bookshelf,Home Office,3,348.32,0.15,888.22,240.1
ORD-12244,2023-01-19,North,Office Supplies,Stapler,Home Office,1,21.75,0.0,21.75,3.33
ORD-12245,2024-08-21,Central,Office Supplies,Printer Paper,Corporate,2,5.34,,10.15,3.3
ORD-12246,2023-10-10,East,Furniture,Sofa,Consumer,5,492.59,0.0,2462.95,775.94
ORD-12247,2024-04-11,South,Furniture,Desk,Consumer,9,607.77,0.15,4649.44,1084.31
ORD-12248,2023-06-21,West,Office Supplies,Stapler,Corporate,8,45.79,0.0,366.32,40.65
ORD-12249,2023-04-05,East,Electronics,Headphones,Corporate,6,88.95,0.05,507.02,128.56
ORD-12250,2023-07-29,Central,Electronics,Keyboard,Home Office,2,771.99,0.0,1543.98,206.79
ORD-12251,2023-06-04,North,Furniture,Desk,Home Office,3,79.46,0.05,226.46,67.17
ORD-12252,2024-03-30,West,Furniture,Bookshelf,Corporate,4,558.53,0.0,2234.12,687.11
ORD-12253,2024-11-17,Central,Electronics,Keyboard,Consumer,1,974.71,0.0,974.71,330.32
ORD-12254,2023-07-05,North,Furniture,Bookshelf,Home Office,1,602.85,0.1,542.57,186.22
ORD-12255,2023-06-06,Central,Furniture,Bookshelf,Consumer,9,568.08,0.15,4345.81,914.64
ORD-12256,2024-01-15,South,Furniture,Chair,Home Office,7,632.82,0.05,4208.25,1065.05
ORD-12257,2024-03-18,East,Furniture,Bookshelf,Home Office,8,555.42,0.0,4443.36,229.31
ORD-12258,2024-05-13,Central,Office Supplies,Pen Set,Home Office,7,6.33,0.05,42.09,4.77
ORD-12259,2023-01-12,Central,Office Supplies,Stapler,Consumer,5,35.79,0.1,161.06,46.5
ORD-12260,2024-03-31,Central,Electronics,Monitor,Consumer,4,121.68,0.1,438.05,29.36
ORD-12261,2023-12-03,East,Office Supplies,Pen Set,Corporate,5,17.67,0.0,88.35,18.68
ORD-12262,2023-12-17,West,Electronics,Smartphone,Home Office,8,926.61,0.15,6300.95,442.29
ORD-12263,2023-11-15,Central,Office Supplies,Pen Set,Consumer,3,22.32,0.05,63.61,21.97
ORD-12264,2024-01-01,South,Furniture,Bookshelf,Home Office,4,94.17,0.1,339.01,92.17
ORD-12265,2023-02-18,West,Office Supplies,Folder,Consumer,9,42.8,0.1,346.68,56.8
ORD-12266,2024-07-14,South,Office Supplies,Printer Paper,Consumer,2,56.25,0.05,106.88,25.67
ORD-12267,2023-03-23,Central,Office Supplies,Printer Paper,Home Office,6,2.79,0.0,16.74,2.63
ORD-12268,2023-02-01,West,Furniture,Bookshelf,Home Office,1,542.79,0.1,488.51,119.41
ORD-12269,2023-08-05,East,Office Supplies,Pen Set,Corporate,3,4.17,0.05,11.88,1.38
ORD-12270,2024-06-27,South,Office Supplies,Stapler,Home Office,3,13.3,0.0,39.9,5.02
ORD-12271,2024-06-08,West,Furniture,Lamp,Home Office,7,210.28,0.0,1471.96,371.92
ORD-12272,2023-09-17,East,Furniture,Chair,Home Office,7,157.04,0.1,989.35,247.04
ORD-12273,2024-12-01,East,Office Supplies,Folder,Consumer,9,56.26,0.1,455.71,126.51
ORD-12274,2024-08-19,North,Electronics,Headphones,Consumer,5,168.05,0.05,798.24,183.74
ORD-12275,2024-09-10,East,Office Supplies,Folder,Corporate,4,19.45,0.1,70.02,9.59
ORD-12276,2023-08-26,East,Furniture,Sofa,Home Office,2,261.8,0.0,523.6,119.36
ORD-12277,2023-01-07,Central,Electronics,Headphones,Home Office,5,375.86,0.1,1691.37,357.83
ORD-12278,2024-10-14,West,Electronics,Headphones,Consumer,8,177.64,0.0,1421.12,409.47
ORD-12279,2024-10-16,Central,Electronics,Monitor,Consumer,4,257.51,0.15,875.53,235.91
ORD-12280,2023-03-01,East,Office Supplies,Pen Set,Consumer,8,23.1,0.0,184.8,49.29
ORD-12281,2024-09-04,East,Furniture,Chair,Home Office,2,450.52,0.0,901.04,212.8
ORD-12282,2023-10-31,West,Electronics,Smartphone,Home Office,5,671.69,0.1,3022.61,663.37
ORD-12283,2024-02-14,West,Furniture,Bookshelf,Consumer,8,550.35,0.05,4182.66,918.45
ORD-12284,2023-04-25,South,Office Supplies,Folder,Home Office,7,37.38,0.1,235.49,52.63
ORD-12285,2023-12-31,South,Electronics,Keyboard,Corporate,3,962.56,0.0,2887.68,346.03
ORD-12286,2023-10-22,North,Office Supplies,Folder,Consumer,3,10.57,0.0,31.71,1.86
ORD-12287,2023-12-19,East,Office Supplies,Folder,Consumer,5,21.2,0.2,84.8,29.19
ORD-12288,2024-03-13,Central,Electronics,Keyboard,Consumer,7,735.34,0.0,5147.38,1738.68
ORD-12289,2023-08-18,South,Electronics,Laptop,Consumer,6,1172.07,0.0,7032.42,1943.83
ORD-12290,2024-12-30,West,Furniture,Sofa,Corporate,8,213.2,0.05,1620.32,437.62
ORD-12291,2023-01-10,South,Electronics,Laptop,Consumer,2,366.89,0.0,733.78,244.85
ORD-12292,2024-04-26,Central,Furniture,Bookshelf,Home Office,7,192.07,0.0,1344.49,361.12
ORD-12293,2023-08-21,West,Electronics,Keyboard,Consumer,2,296.81,0.05,563.94,76.15
ORD-12294,2024-07-24,South,Furniture,Desk,Corporate,1,255.31,0.0,255.31,58.11
ORD-12295,2023-06-26,Central,Office Supplies,Pen Set,Home Office,7,29.22,0.1,184.09,36.76
ORD-12296,2023-04-06,Central,Electronics,Laptop,Consumer,2,908.85,0.05,1726.82,328.47
ORD-12297,2024-08-03,South,Furniture,Sofa,Home Office,2,85.67,0.15,145.64,40.5
ORD-12298,2023-05-17,North,Office Supplies,Folder,Consumer,8,48.89,0.0,391.12,55.82
ORD-12299,2024-10-25,West,Office Supplies,Stapler,Home Office,6,23.6,0.05,134.52,36.45
ORD-12300,2023-03-18,East,Office Supplies,Pen Set,Corporate,5,8.17,0.05,38.81,9.73
ORD-12301,2023-01-02,South,Office Supplies,Printer Paper,Home Office,1,23.94,0.2,19.15,5.19
ORD-12302,2024-01-09,West,Electronics,Monitor,Corporate,9,885.16,0.0,7966.44,2737.18
ORD-12303,2024-06-27,Central,Furniture,Sofa,Corporate,9,411.63,0.0,3704.67,195.82
ORD-12304,2024-08-16,North,Office Supplies,Notebook,Home Office,7,47.65,0.0,333.55,68.03
ORD-12305,2023-03-25,Central,Furniture,Desk,Home Office,9,249.28,0.15,1906.99,483.15
ORD-12306,2024-03-13,Central,Office Supplies,Folder,Home Office,6,19.41,0.05,110.64,21.3
ORD-12307,2023-04-18,Central,Furniture,Chair,Corporate,4,188.47,0.15,640.8,59.94
ORD-12308,2024-02-01,South,Office Supplies,Pen Set,Consumer,4,42.89,0.2,137.25,9.0
ORD-12309,2024-06-18,North,Office Supplies,Notebook,Corporate,2,7.92,0.1,14.26,3.31
ORD-12310,2024-07-09,North,Furniture,Sofa,Consumer,3,479.2,0.05,1365.72,416.93
ORD-12311,2023-01-08,South,Office Supplies,Folder,Corporate,9,15.91,0.2,114.55,11.49
ORD-12312,2024-12-24,West,Electronics,Monitor,Consumer,1,1166.32,0.15,991.37,231.78
ORD-12313,2024-10-21,South,Furniture,Bookshelf,Home Office,8,173.64,0.1,1250.21,274.81
ORD-12314,2023-08-25,South,Furniture,Lamp,Corporate,8,684.66,0.1,4929.55,1398.62
ORD-12315,2024-03-27,Central,Furniture,Chair,Home Office,7,167.36,0.0,1171.52,293.17
ORD-12316,2023-08-09,East,Furniture,Bookshelf,Consumer,3,178.43,0.05,508.53,135.12
ORD-12317,2024-05-19,North,Electronics,Monitor,Corporate,8,593.7,0.05,4512.12,424.93
ORD-12318,2023-01-02,North,Electronics,Headphones,Home Office,9,1022.2,0.2,7359.84,1057.46
ORD-12319,2023-07-21,West,Office Supplies,Pen Set,Consumer,6,27.63,0.0,165.78,29.06
ORD-12320,2024-07-31,Central,Office Supplies,Stapler,Corporate,6,55.88,0.2,268.22,27.91
ORD-12321,2023-03-17,East,Furniture,Chair,Consumer,8,264.88,0.1,1907.14,227.26
ORD-12322,2023-11-13,West,Furniture,Bookshelf,Consumer,1,728.12,0.0,728.12,113.58
ORD-12323,2024-08-12,,Furniture,Sofa,Home Office,6,264.59,0.1,1428.79,325.4
ORD-12324,2023-09-11,North,Office Supplies,Folder,Consumer,7,49.62,0.0,347.34,78.6
ORD-12325,2024-12-30,West,Furniture,Lamp,Consumer,4,139.11,0.0,556.44,133.78
ORD-12326,2024-06-01,East,Furniture,Sofa,Home Office,8,731.31,0.05,5557.96,1750.23
ORD-12327,2023-03-07,East,Electronics,Laptop,Home Office,6,333.47,0.05,1900.78,276.57
ORD-12328,2023-02-04,West,Office Supplies,Stapler,Consumer,3,34.32,0.05,97.81,8.15
ORD-12329,2023-03-29,North,Office Supplies,Stapler,Home Office,9,9.76,0.05,83.45,24.26
ORD-12330,2024-03-25,East,Office Supplies,Printer Paper,Consumer,1,45.68,0.0,45.68,12.61
ORD-12331,2023-07-31,South,Furniture,Bookshelf,Home Office,8,633.25,0.0,5066.0,253.67
ORD-12332,2023-01-16,South,Office Supplies,Folder,Corporate,1,2.56,0.2,2.05,0.45
ORD-12333,2023-09-03,West,Office Supplies,Pen Set,Consumer,1,31.99,0.1,28.79,3.24
ORD-12334,2023-03-04,West,Furniture,Lamp,Consumer,8,576.51,0.0,4612.08,297.93
ORD-12335,2024-11-20,Central,Electronics,Monitor,Corporate,5,66.63,0.1,299.83,49.03
ORD-12336,2023-12-11,South,Office Supplies,Printer Paper,Home Office,3,33.34,0.0,100.02,32.07
ORD-12337,2023-12-10,Central,Electronics,Keyboard,Consumer,8,609.88,0.05,4635.09,789.0
ORD-12338,2023-06-06,Central,Electronics,Smartphone,Home Office,1,434.08,0.05,412.38,135.83
ORD-12339,2024-08-17,East,Electronics,Laptop,Home Office,8,820.1,0.05,6232.76,471.42
ORD-12340,2023-03-14,South,Furniture,Lamp,Corporate,5,766.72,0.0,3833.6,1081.79
ORD-12341,2023-03-12,North,Electronics,Monitor,Consumer,1,123.03,0.0,123.03,8.75
ORD-12342,2023-12-18,Central,Furniture,Bookshelf,Home Office,6,601.54,0.15,3067.85,561.49
ORD-12343,2024-01-06,South,Electronics,Laptop,Home Office,8,83.21,0.0,665.68,96.93
ORD-12344,2023-08-09,Central,Electronics,Monitor,Corporate,1,346.34,0.0,346.34,24.98
ORD-12345,2023-06-15,North,Furniture,Sofa,Consumer,4,743.1,0.1,2675.16,583.49
ORD-12346,2024-06-06,East,Office Supplies,Stapler,Corporate,4,20.41,0.2,65.31,11.19
ORD-12347,2024-08-26,North,Electronics,Smartphone,Consumer,3,509.67,0.1,1376.11,185.95
ORD-12348,2023-03-06,North,Furniture,Chair,Consumer,5,744.0,0.0,3720.0,447.06
ORD-12349,2023-07-08,East,Electronics,Headphones,Consumer,9,779.89,0.0,7019.01,1117.46
ORD-12350,2024-02-20,North,Electronics,Smartphone,Consumer,5,140.67,0.1,633.02,89.67
ORD-12351,2023-11-27,West,Office Supplies,Folder,Corporate,6,16.84,0.0,101.04,32.45
ORD-12352,2023-04-19,West,Electronics,Keyboard,Consumer,1,56.73,0.1,51.06,7.52
ORD-12353,2023-11-22,South,Electronics,Headphones,Home Office,6,1139.19,0.1,6151.63,1058.26
ORD-12354,2023-06-17,South,Electronics,Headphones,Home Office,5,628.68,0.15,2671.89,548.82
ORD-12355,2023-10-21,East,Electronics,Keyboard,Consumer,9,129.39,0.05,1106.28,375.77
ORD-12356,2024-04-10,South,Electronics,Smartphone,Home Office,7,1030.76,0.15,6133.02,2141.63
ORD-12357,2023-12-19,East,Office Supplies,Pen Set,Corporate,8,9.55,0.1,68.76,20.76
ORD-12358,2023-10-21,East,Office Supplies,Stapler,Consumer,4,44.15,0.15,150.11,13.01
ORD-12359,2023-06-07,North,Furniture,Desk,Home Office,9,169.16,0.0,1522.44,188.02
ORD-12360,2023-11-29,South,Furniture,Desk,Corporate,2,681.4,0.0,1362.8,93.5
ORD-12361,2024-07-05,East,Office Supplies,Notebook,Corporate,1,52.15,0.2,41.72,3.12
ORD-12362,2023-06-28,East,Furniture,Bookshelf,Corporate,4,89.71,0.0,358.84,106.42
ORD-12363,2023-04-21,Central,Electronics,Headphones,Consumer,2,1128.8,0.15,1918.96,496.04
ORD-12364,2023-02-12,North,Electronics,Laptop,Consumer,4,1107.71,0.0,4430.84,1502.42
ORD-12365,2023-03-27,West,Furniture,Bookshelf,Consumer,6,159.15,0.2,763.92,254.93
ORD-12366,2024-01-26,Central,Electronics,Laptop,Corporate,5,304.27,0.2,1217.08,286.21
ORD-12367,2023-09-23,East,Office Supplies,Pen Set,Home Office,4,43.05,0.0,172.2,47.38
ORD-12368,2024-09-24,North,Electronics,Smartphone,Consumer,7,1055.97,0.0,7391.79,1813.39
ORD-12369,2024-10-23,West,Furniture,Sofa,Corporate,9,65.26,0.0,587.34,177.91
ORD-12370,2024-05-16,South,Electronics,Smartphone,Consumer,2,112.33,0.0,224.66,52.36
ORD-12371,2023-05-12,South,Electronics,Laptop,Corporate,4,813.82,0.05,3092.52,957.47
ORD-12372,2023-01-19,North,Electronics,Keyboard,Home Office,8,85.86,0.0,686.88,174.38
ORD-12373,2024-01-22,West,Electronics,Smartphone,Consumer,3,1014.17,0.05,2890.38,222.08
ORD-12374,2024-11-15,East,Office Supplies,Stapler,Corporate,5,22.24,0.0,111.2,9.29
ORD-12375,2024-12-14,Central,Furniture,Sofa,Corporate,6,280.39,,1345.87,186.69
ORD-12376,2024-10-06,Central,Office Supplies,Folder,Consumer,1,50.74,0.0,50.74,3.72
ORD-12377,2023-06-03,Central,Furniture,Sofa,Home Office,5,124.96,0.15,531.08,182.41
ORD-12378,2023-05-16,East,Furniture,Lamp,Corporate,5,611.69,0.0,3058.45,163.5
ORD-12379,2024-03-19,North,Furniture,Lamp,Home Office,5,441.92,0.1,1988.64,369.53
ORD-12380,2024-09-30,South,Electronics,Headphones,Home Office,7,218.24,0.0,1527.68,82.18
ORD-12381,2024-01-12,North,Furniture,Chair,Home Office,7,308.01,0.0,2156.07,473.45
ORD-12382,2023-02-28,South,Electronics,Laptop,Consumer,2,731.14,0.05,1389.17,272.98
ORD-12383,2024-09-08,North,Furniture,Lamp,Home Office,6,88.47,0.05,504.28,49.65
ORD-12384,2024-07-23,North,Electronics,Smartphone,Home Office,5,447.92,,1791.68,418.74
ORD-12385,2023-02-09,,Electronics,Headphones,Corporate,7,656.19,0.1,4134.0,687.4
ORD-12386,2023-10-04,South,Furniture,Chair,Consumer,5,706.3,0.05,3354.92,189.97
ORD-12387,2024-12-21,East,Electronics,Laptop,Consumer,6,705.27,0.0,4231.62,1396.31
ORD-12388,2024-10-12,South,Electronics,Headphones,Consumer,9,813.62,0.1,6590.32,1386.48
ORD-12389,2023-06-07,West,Furniture,Bookshelf,Corporate,3,220.35,0.0,661.05,142.77
ORD-12390,2024-03-07,South,Office Supplies,Folder,Consumer,3,19.95,0.1,53.86,8.69
ORD-12391,2023-01-17,West,Office Supplies,Stapler,Consumer,4,43.34,0.0,173.36,16.07
ORD-12392,2024-06-26,South,Furniture,Bookshelf,Corporate,3,223.18,0.1,602.59,70.61
ORD-12393,2023-06-30,East,Electronics,Laptop,Corporate,4,1007.86,0.05,3829.87,274.1
ORD-12394,2023-01-03,West,Furniture,Desk,Consumer,9,750.43,0.0,6753.87,1004.46
ORD-12395,2024-08-19,Central,Electronics,Headphones,Consumer,7,516.61,0.15,3073.83,813.83
ORD-12396,2024-02-03,South,Electronics,Smartphone,Corporate,9,478.32,0.0,4304.88,1231.3
ORD-12397,2024-05-27,South,Electronics,Headphones,Home Office,7,210.43,0.0,1473.01,177.12
ORD-12398,2024-10-17,South,Office Supplies,Pen Set,Consumer,8,18.41,0.0,147.28,38.24
ORD-12399,2024-03-14,South,Furniture,Chair,Home Office,6,565.72,0.0,3394.32,274.43
ORD-12400,2024-11-22,South,Furniture,Lamp,Corporate,3,488.4,0.0,1465.2,312.79
ORD-12401,2023-03-31,South,Office Supplies,Notebook,Consumer,9,3.74,0.0,33.66,10.84
ORD-12402,2024-05-20,Central,Office Supplies,Pen Set,Home Office,7,32.62,,216.92,25.33
ORD-12403,2023-05-18,West,Office Supplies,Folder,Corporate,4,26.24,0.2,83.97,19.41
ORD-12404,2024-11-24,Central,Furniture,Desk,Corporate,9,370.45,0.0,3334.05,1093.98
ORD-12405,2023-08-11,West,Office Supplies,Notebook,Corporate,5,27.22,0.1,122.49,8.2
ORD-12406,2024-05-03,Central,Furniture,Desk,Corporate,2,564.89,0.1,1016.8,305.0
ORD-12407,2023-05-31,East,Electronics,Headphones,Home Office,1,503.85,0.0,503.85,28.16
ORD-12408,2024-08-19,Central,Office Supplies,Notebook,Consumer,5,37.45,0.0,187.25,18.69
ORD-12409,2023-09-13,East,Office Supplies,Stapler,Home Office,1,6.32,0.1,5.69,1.19
ORD-12410,2023-04-04,East,Office Supplies,Stapler,Corporate,8,24.04,0.0,192.32,50.34
ORD-12411,2024-06-26,East,Furniture,Desk,Corporate,9,527.28,0.1,4270.97,1451.89
ORD-12412,2023-09-05,East,Electronics,Keyboard,Corporate,6,281.5,0.05,1604.55,134.69
ORD-12413,2023-07-13,North,Office Supplies,Printer Paper,Home Office,2,59.98,0.2,95.97,32.64
ORD-12414,2023-03-24,South,Electronics,Keyboard,Consumer,8,129.68,0.1,933.7,274.36
ORD-12415,2023-02-08,West,Furniture,Desk,Home Office,3,325.16,0.15,829.16,79.42
ORD-12416,2023-06-16,South,Electronics,Laptop,Corporate,2,181.12,0.1,326.02,71.98
ORD-12417,2024-11-24,North,Electronics,Smartphone,Corporate,8,927.57,0.15,6307.48,1998.11
ORD-12418,2024-06-30,Central,Furniture,Sofa,Consumer,6,652.64,0.1,3524.26,446.18
ORD-12419,2024-03-01,South,Furniture,Lamp,Home Office,8,595.37,0.15,4048.52,353.23
ORD-12420,2024-10-29,North,Office Supplies,Notebook,Home Office,3,38.71,0.15,98.71,34.25
ORD-12421,2023-07-15,Central,Electronics,Monitor,Corporate,6,658.05,0.1,3553.47,1128.68
ORD-12422,2024-07-26,North,Office Supplies,Stapler,Corporate,5,40.91,0.05,194.32,42.72
ORD-12423,2024-08-02,Central,Furniture,Bookshelf,Corporate,5,647.11,0.15,2750.22,370.9
ORD-12424,2024-07-11,South,Office Supplies,Pen Set,Consumer,1,12.86,0.05,12.22,4.08
ORD-12425,2024-06-21,Central,Electronics,Keyboard,Consumer,3,217.36,0.05,619.48,188.13
ORD-12426,2024-01-06,West,Furniture,Sofa,Consumer,8,308.25,,2219.4,433.44
ORD-12427,2023-03-12,South,Electronics,Keyboard,Home Office,2,602.96,0.05,1145.62,302.6
ORD-12428,2024-01-22,Central,Furniture,Lamp,Home Office,2,100.6,0.1,181.08,27.04
ORD-12429,2023-11-11,West,Electronics,Monitor,Home Office,2,191.05,0.0,382.1,30.41
ORD-12430,2024-07-21,East,Office Supplies,Stapler,Corporate,6,31.65,0.05,180.4,12.78
ORD-12431,2024-10-11,South,Furniture,Sofa,Consumer,1,536.47,0.05,509.65,165.9
ORD-12432,2023-12-12,South,Furniture,Chair,Consumer,6,158.51,0.0,951.06,301.62
ORD-12433,2024-03-26,North,Electronics,Smartphone,Consumer,6,763.71,0.0,4582.26,1394.41
ORD-12434,2024-10-01,South,Electronics,Laptop,Consumer,4,691.45,0.15,2350.93,620.88
ORD-12435,2023-08-18,East,Furniture,Lamp,Consumer,4,295.53,0.0,1182.12,337.51
ORD-12436,2023-03-31,North,Furniture,Sofa,Home Office,2,367.69,0.1,661.84,58.76
ORD-12437,2024-05-02,Central,Office Supplies,Folder,Consumer,3,8.68,0.05,24.74,2.22
ORD-12438,2024-05-18,East,Office Supplies,Notebook,Home Office,1,52.45,0.0,52.45,5.21
ORD-12439,2023-05-02,West,Electronics,Monitor,Consumer,9,872.98,0.15,6678.3,802.09
ORD-12440,2023-09-20,South,Office Supplies,Stapler,Corporate,5,25.67,0.15,109.1,37.96
ORD-12441,2024-02-29,West,Office Supplies,Notebook,Home Office,1,33.31,0.0,33.31,11.12
ORD-12442,2024-08-02,Central,Office Supplies,Notebook,Consumer,9,2.63,0.1,21.3,5.61
ORD-12443,2023-02-23,North,Furniture,Lamp,Corporate,4,434.68,0.1,1564.85,203.83
ORD-12444,2023-03-20,South,Electronics,Laptop,Corporate,4,232.72,0.15,791.25,102.34
ORD-12445,2024-02-15,South,Office Supplies,Pen Set,Corporate,6,6.3,0.05,35.91,11.42
ORD-12446,2023-02-18,West,Furniture,Bookshelf,Consumer,6,791.83,0.05,4513.43,1575.12
ORD-12447,2023-07-21,Central,Office Supplies,Stapler,Consumer,8,55.36,0.05,420.74,57.8
ORD-12448,2023-06-14,East,Office Supplies,Printer Paper,Corporate,6,7.48,0.1,40.39,6.61
ORD-12449,2024-06-20,South,Office Supplies,Pen Set,Corporate,5,9.93,0.15,42.2,6.19
ORD-12450,2024-05-06,West,Electronics,Headphones,Corporate,2,341.76,0.1,615.17,164.72
ORD-12451,2024-04-05,,Electronics,Smartphone,Home Office,8,521.52,0.0,4172.16,1407.33
ORD-12452,2024-07-03,West,Office Supplies,Folder,Corporate,7,58.49,0.0,409.43,77.4
ORD-12453,2024-05-04,East,Office Supplies,Notebook,Consumer,9,23.87,0.0,214.83,48.65
ORD-12454,2023-02-23,Central,Electronics,Laptop,Corporate,9,751.66,0.1,6088.45,1781.16
ORD-12455,2023-09-28,West,Electronics,Monitor,Home Office,3,519.66,0.0,1558.98,151.91
ORD-12456,2024-10-21,Central,Furniture,Sofa,Corporate,6,495.15,0.05,2822.35,447.31
ORD-12457,2024-11-05,North,Office Supplies,Pen Set,Home Office,1,58.77,0.0,58.77,7.72
ORD-12458,2024-01-22,South,Electronics,Monitor,Consumer,7,842.79,0.0,5899.53,303.22
ORD-12459,2024-01-23,East,Office Supplies,Notebook,Home Office,6,7.78,0.0,46.68,8.28
ORD-12460,2023-08-21,East,Electronics,Headphones,Home Office,5,178.29,0.0,891.45,84.69
ORD-12461,2024-02-11,Central,Electronics,Monitor,Home Office,8,791.24,0.05,6013.42,761.26
ORD-12462,2024-11-25,South,Furniture,Bookshelf,Home Office,2,118.49,0.0,236.98,35.22
ORD-12463,2023-12-25,East,Furniture,Lamp,Consumer,7,594.12,0.0,4158.84,749.93
ORD-12464,2023-03-05,Central,Furniture,Bookshelf,Home Office,6,291.61,0.05,1662.18,250.91
ORD-12465,2023-09-27,West,Furniture,Bookshelf,Consumer,8,570.78,0.05,4337.93,1359.27
ORD-12466,2024-01-23,North,Electronics,Headphones,Consumer,4,224.58,0.0,898.32,130.19
ORD-12467,2023-04-14,West,Furniture,Desk,Consumer,5,324.26,0.0,1621.3,367.92
ORD-12468,2023-07-19,South,Electronics,Smartphone,Consumer,6,309.64,0.05,1764.95,300.71
ORD-12469,2023-06-23,North,Office Supplies,Pen Set,Home Office,3,25.36,0.15,64.67,22.55
ORD-12470,2024-03-05,North,Furniture,Chair,Consumer,6,77.07,0.2,369.94,102.68
ORD-12471,2024-03-11,Central,Furniture,Bookshelf,Home Office,6,422.16,0.0,2532.96,174.84
ORD-12472,2023-03-09,Central,Electronics,Laptop,Corporate,2,683.21,0.05,1298.1,259.03
ORD-12473,2023-01-14,East,Electronics,Headphones,Consumer,9,970.59,0.05,8298.54,1949.52
ORD-12474,2023-11-01,Central,Office Supplies,Pen Set,Corporate,3,28.76,0.15,73.34,17.12
ORD-12475,2023-11-15,North,Furniture,Lamp,Consumer,6,394.41,0.05,2248.14,692.92
ORD-12476,2024-01-03,Central,Electronics,Monitor,Home Office,2,250.83,0.1,451.49,49.79
ORD-12477,2024-04-01,Central,Furniture,Desk,Consumer,6,469.94,0.05,2678.66,781.59
ORD-12478,2023-05-04,South,Furniture,Bookshelf,Corporate,2,645.68,0.15,1097.66,346.85
ORD-12479,2023-07-09,North,Furniture,Lamp,Home Office,1,330.91,0.1,297.82,73.66
ORD-12480,2024-09-13,Central,Electronics,Laptop,Home Office,2,267.9,0.1,482.22,32.6
ORD-12481,2024-12-16,East,Electronics,Laptop,Corporate,3,66.56,0.0,199.68,47.26
ORD-12482,2023-10-30,West,Electronics,Laptop,Corporate,2,516.25,0.1,929.25,62.44
ORD-12483,2024-07-08,Central,Electronics,Headphones,Corporate,8,91.76,0.0,734.08,128.23
ORD-12484,2023-12-27,South,Electronics,Monitor,Home Office,6,826.81,0.0,4960.86,809.98
ORD-12485,2024-03-19,West,Office Supplies,Printer Paper,Corporate,7,34.14,0.0,238.98,50.98
ORD-12486,2023-01-07,West,Furniture,Bookshelf,Consumer,9,593.96,0.05,5078.36,533.5
ORD-12487,2024-06-16,South,Furniture,Desk,Consumer,1,653.26,0.0,653.26,199.11
ORD-12488,2023-04-21,East,Office Supplies,Stapler,Home Office,2,36.12,0.15,61.4,6.61
ORD-12489,2023-07-08,South,Electronics,Monitor,Corporate,7,150.06,0.0,1050.42,228.65
ORD-12490,2024-03-08,East,Electronics,Smartphone,Consumer,5,330.89,0.05,1571.73,289.17
ORD-12491,2024-04-20,East,Office Supplies,Stapler,Corporate,9,7.72,0.1,62.53,14.67
ORD-12492,2024-09-07,West,Electronics,Laptop,Corporate,3,916.7,0.0,2750.1,659.21
ORD-12493,2024-08-23,North,Furniture,Sofa,Home Office,8,282.57,0.15,1921.48,170.46
ORD-12494,2023-03-24,Central,Electronics,Keyboard,Corporate,3,233.71,0.05,666.07,147.73
ORD-12495,2023-08-02,Central,Office Supplies,Printer Paper,Consumer,1,23.76,0.1,21.38,3.1
ORD-12496,2023-10-01,West,Electronics,Keyboard,Home Office,1,465.13,0.0,465.13,54.04
ORD-12497,2024-09-16,East,Office Supplies,Stapler,Corporate,9,44.62,0.0,401.58,106.58
ORD-12498,2023-03-11,Central,Office Supplies,Folder,Home Office,9,21.44,0.1,173.66,55.1
ORD-12499,2023-05-09,West,Furniture,Desk,Home Office,8,83.5,0.05,634.6,179.04
ORD-12500,2023-09-19,East,Furniture,Lamp,Home Office,8,583.36,0.1,4200.19,966.3
ORD-12501,2024-10-21,Central,Furniture,Lamp,Consumer,7,706.22,0.0,4943.54,808.23
ORD-12502,2023-09-17,East,Furniture,Bookshelf,Home Office,7,456.23,0.1,2874.25,759.49
ORD-12503,2024-09-06,Central,Electronics,Laptop,Consumer,9,824.79,0.05,7051.95,1182.21
ORD-12504,2024-10-25,West,Office Supplies,Folder,Consumer,2,5.38,0.1,9.68,1.79
ORD-12505,2023-03-05,North,Electronics,Keyboard,Home Office,1,456.96,0.15,388.42,44.58
ORD-12506,2023-07-12,West,Furniture,Sofa,Corporate,1,536.04,0.0,536.04,120.93
ORD-12507,2024-05-25,East,Office Supplies,Notebook,Consumer,4,16.66,0.05,63.31,4.19
ORD-12508,2023-12-02,West,Electronics,Keyboard,Home Office,4,859.56,0.1,3094.42,1064.0
ORD-12509,2023-01-08,East,Office Supplies,Folder,Corporate,2,6.03,0.05,11.46,2.65
ORD-12510,2024-03-13,,Electronics,Keyboard,Corporate,9,561.04,0.05,4796.89,384.46
ORD-12511,2024-11-29,West,Electronics,Smartphone,Consumer,6,85.15,0.2,408.72,45.09
ORD-12512,2024-03-26,West,Office Supplies,Stapler,Consumer,3,23.17,0.05,66.03,16.77
ORD-12513,2023-10-14,North,Office Supplies,Folder,Consumer,4,26.74,0.0,106.96,13.18
ORD-12514,2024-08-14,South,Electronics,Headphones,Consumer,8,900.66,0.05,6845.02,2012.43
ORD-12515,2024-06-12,South,Electronics,Smartphone,Home Office,2,947.07,0.0,1894.14,433.83
ORD-12516,2024-04-05,South,Office Supplies,Pen Set,Corporate,6,48.31,0.05,275.37,16.25
ORD-12517,2023-08-02,South,Electronics,Keyboard,Corporate,7,611.01,0.05,4063.22,989.39
ORD-12518,2024-05-29,East,Furniture,Chair,Corporate,5,599.02,0.05,2845.34,214.69
ORD-12519,2024-12-23,West,Electronics,Monitor,Home Office,4,428.6,0.05,1628.68,236.79
ORD-12520,2024-06-01,West,Furniture,Sofa,Home Office,5,635.24,0.1,2858.58,612.28
ORD-12521,2023-07-18,West,Furniture,Sofa,Corporate,6,306.13,0.0,1836.78,253.34
ORD-12522,2023-02-05,South,Furniture,Chair,Home Office,8,282.6,0.0,2260.8,749.63
ORD-12523,2024-01-21,South,Furniture,Lamp,Corporate,6,765.43,0.1,4133.32,1231.17
ORD-12524,2023-08-20,East,Office Supplies,Printer Paper,Home Office,2,55.76,0.0,111.52,28.77
ORD-12525,2023-08-19,West,Furniture,Desk,Consumer,9,745.25,0.15,5701.16,593.55
ORD-12526,2024-12-20,West,Electronics,Smartphone,Corporate,6,153.66,0.0,921.96,195.53
ORD-12527,2023-06-02,Central,Furniture,Chair,Consumer,5,241.28,0.15,1025.44,215.64
ORD-12528,2024-05-28,East,Furniture,Lamp,Corporate,9,553.99,0.05,4736.61,897.22
ORD-12529,2024-12-23,Central,Electronics,Laptop,Consumer,9,1121.93,0.15,8582.76,902.56
ORD-12530,2024-11-30,East,Office Supplies,Pen Set,Home Office,1,28.3,0.2,22.64,7.18
ORD-12531,2024-02-12,West,Electronics,Headphones,Home Office,2,573.03,0.1,1031.45,316.1
ORD-12532,2023-11-25,North,Electronics,Headphones,Home Office,5,559.57,0.1,2518.07,158.17
ORD-12533,2024-01-23,South,Furniture,Sofa,Consumer,1,128.96,0.1,116.06,20.49
ORD-12534,2023-02-20,East,Office Supplies,Notebook,Corporate,9,32.54,0.0,292.86,35.62
ORD-12535,2023-10-23,Central,Electronics,Laptop,Consumer,4,617.19,0.0,2468.76,544.14
ORD-12536,2024-01-08,East,Furniture,Chair,Corporate,4,297.11,0.15,1010.17,54.39
ORD-12537,2023-12-31,West,Electronics,Laptop,Home Office,4,690.73,0.15,2348.48,616.24
ORD-12538,2023-01-16,Central,Office Supplies,Pen Set,Corporate,2,21.01,0.05,39.92,5.91
ORD-12539,2024-08-29,North,Electronics,Laptop,Corporate,9,67.37,0.1,545.7,129.13
ORD-12540,2023-06-16,South,Office Supplies,Folder,Corporate,4,56.78,0.0,227.12,28.33
ORD-12541,2024-05-29,West,Electronics,Headphones,Home Office,6,309.1,0.0,1854.6,298.26
ORD-12542,2024-03-03,Central,Furniture,Sofa,Corporate,8,136.88,0.15,930.78,255.17
ORD-12543,2023-01-30,East,Electronics,Headphones,Corporate,1,643.73,0.05,611.54,96.57
ORD-12544,2024-05-15,Central,Office Supplies,Folder,Consumer,2,53.0,0.0,106.0,33.91
ORD-12545,2023-05-17,Central,Furniture,Bookshelf,Consumer,6,44.38,0.05,252.97,38.1
ORD-12546,2024-12-03,North,Electronics,Headphones,Home Office,9,976.9,0.0,8792.1,2442.22
ORD-12547,2024-06-18,Central,Furniture,Bookshelf,Corporate,9,795.24,0.0,7157.16,1545.87
ORD-12548,2023-07-17,Central,Electronics,Headphones,Home Office,3,379.49,0.0,1138.47,327.11
ORD-12549,2024-07-02,South,Electronics,Monitor,Corporate,7,74.76,0.0,523.32,109.38
ORD-12550,2023-04-06,South,Office Supplies,Pen Set,Home Office,5,40.52,0.0,202.6,66.31
ORD-12551,2024-05-12,West,Furniture,Sofa,Corporate,3,254.84,0.1,688.07,109.25
ORD-12552,2024-07-23,North,Furniture,Desk,Corporate,7,521.47,0.05,3467.78,892.62
ORD-12553,2024-02-23,East,Office Supplies,Printer Paper,Home Office,8,16.34,0.0,130.72,6.61
ORD-12554,2023-07-24,Central,Office Supplies,Notebook,Corporate,8,26.87,0.0,214.96,27.95
ORD-12555,2024-06-17,East,Office Supplies,Stapler,Corporate,1,23.23,0.05,22.07,6.04
ORD-12556,2024-06-23,Central,Electronics,Monitor,Home Office,9,854.36,0.0,7689.24,2555.31
ORD-12557,2024-09-18,North,Electronics,Keyboard,Home Office,9,891.69,0.05,7623.95,2527.14
ORD-12558,2024-04-16,North,Office Supplies,Notebook,Corporate,7,46.11,0.1,290.49,57.62
ORD-12559,2024-08-13,North,Electronics,Headphones,Consumer,3,1036.37,0.15,2642.74,310.98
ORD-12560,2023-03-09,Central,Office Supplies,Stapler,Corporate,7,7.83,0.0,54.81,15.66
ORD-12561,2024-08-17,East,Furniture,Chair,Corporate,2,114.58,0.05,217.7,75.44
ORD-12562,2024-06-15,Central,Electronics,Monitor,Consumer,2,1191.66,0.0,2383.32,744.56
ORD-12563,2023-01-20,North,Furniture,Sofa,Home Office,3,505.42,0.2,1213.01,187.53
ORD-12564,2023-01-26,South,Furniture,Chair,Home Office,5,96.52,0.15,410.21,61.47
ORD-12565,2024-11-27,West,Furniture,Sofa,Home Office,8,244.99,0.05,1861.92,319.87
ORD-12566,2023-06-22,East,Electronics,Keyboard,Corporate,7,1052.11,0.1,6628.29,1375.89
ORD-12567,2023-06-16,West,Furniture,Bookshelf,Home Office,5,730.7,0.0,3653.5,525.92
ORD-12568,2023-07-28,North,Furniture,Desk,Home Office,4,365.06,0.0,1460.24,469.38
ORD-12569,2024-12-19,East,Electronics,Monitor,Corporate,6,995.01,0.0,5970.06,1723.92
ORD-12570,2024-05-25,South,Electronics,Smartphone,Consumer,8,358.08,0.15,2434.94,507.48
ORD-12571,2024-04-30,Central,Furniture,Desk,Corporate,1,532.05,0.1,478.84,120.81
ORD-12572,2023-05-19,South,Furniture,Chair,Consumer,7,640.21,0.05,4257.4,1283.23
ORD-12573,2023-04-04,Central,Office Supplies,Notebook,Corporate,8,43.09,0.2,275.78,85.43
ORD-12574,2024-10-15,Central,Furniture,Chair,Home Office,1,470.52,,399.94,114.23
ORD-12575,2024-03-22,East,Office Supplies,Printer Paper,Home Office,6,30.24,0.0,181.44,34.51
ORD-12576,2023-09-19,South,Furniture,Bookshelf,Corporate,6,376.12,0.15,1918.21,218.92
ORD-12577,2024-03-18,North,Electronics,Smartphone,Consumer,5,508.27,0.15,2160.15,616.2
ORD-12578,2024-08-29,East,Furniture,Chair,Corporate,2,181.31,0.1,326.36,34.46
ORD-12579,2023-01-01,West,Furniture,Sofa,Home Office,2,207.27,0.0,414.54,83.81
ORD-12580,2023-11-06,North,Office Supplies,Printer Paper,Consumer,3,35.16,0.1,94.93,30.42
ORD-12581,2023-01-25,East,Furniture,Chair,Corporate,1,285.71,0.15,242.85,65.38
ORD-12582,2024-09-12,East,Furniture,Desk,Home Office,3,180.12,0.0,540.36,169.08
ORD-12583,2023-04-03,North,Office Supplies,Folder,Home Office,5,40.49,0.0,202.45,67.16
ORD-12584,2023-07-31,Central,Office Supplies,Folder,Consumer,6,20.07,0.05,114.4,23.15
ORD-12585,2024-03-13,West,Electronics,Monitor,Consumer,3,472.14,0.0,1416.42,372.27
ORD-12586,2024-12-29,Central,Furniture,Sofa,Consumer,5,136.16,0.05,646.76,97.59
ORD-12587,2024-08-07,West,Electronics,Laptop,Home Office,5,201.35,0.0,1006.75,171.41
ORD-12588,2024-11-10,North,Office Supplies,Printer Paper,Consumer,6,19.2,0.15,97.92,19.19
ORD-12589,2023-07-09,North,Furniture,Lamp,Consumer,4,628.05,0.0,2512.2,499.46
ORD-12590,2023-07-26,East,Office Supplies,Pen Set,Home Office,6,22.31,0.0,133.86,18.04
ORD-12591,2023-06-02,Central,Office Supplies,Stapler,Consumer,7,35.13,0.0,245.91,38.64
ORD-12592,2024-05-09,,Electronics,Headphones,Corporate,8,938.21,0.2,6004.54,1967.82
ORD-12593,2023-12-26,West,Office Supplies,Folder,Corporate,1,50.46,0.15,42.89,12.78
ORD-12594,2024-04-02,Central,Electronics,Headphones,Home Office,3,1109.18,0.15,2828.41,765.49
ORD-12595,2023-01-11,Central,Office Supplies,Folder,Home Office,8,2.56,0.1,18.43,2.61
ORD-12596,2023-01-22,West,Furniture,Sofa,Corporate,7,96.7,0.2,541.52,76.88
ORD-12597,2024-01-14,East,Office Supplies,Notebook,Home Office,8,37.25,0.2,238.4,64.98
ORD-12598,2024-09-20,Central,Electronics,Smartphone,Corporate,3,191.8,0.0,575.4,97.99
ORD-12599,2023-06-15,Central,Electronics,Keyboard,Consumer,3,726.03,0.0,2178.09,604.99
ORD-12600,2023-10-24,North,Furniture,Desk,Corporate,8,59.66,0.0,477.28,31.88
ORD-12601,2023-07-28,East,Office Supplies,Pen Set,Home Office,6,20.58,0.1,111.13,12.4
ORD-12602,2024-12-02,North,Furniture,Desk,Corporate,4,150.63,0.2,482.02,139.79
ORD-12603,2023-09-18,East,Office Supplies,Printer Paper,Corporate,8,55.07,0.1,396.5,80.11
ORD-12604,2023-02-01,West,Furniture,Desk,Home Office,5,520.84,0.0,2604.2,295.26
ORD-12605,2024-07-24,East,Furniture,Bookshelf,Home Office,2,320.34,0.05,608.65,78.0
ORD-12606,2023-06-29,South,Furniture,Lamp,Consumer,1,671.21,0.05,637.65,204.51
ORD-12607,2023-03-15,East,Furniture,Lamp,Consumer,8,479.37,0.15,3259.72,806.24
ORD-12608,2023-12-07,West,Office Supplies,Folder,Corporate,3,25.04,0.1,67.61,16.53
ORD-12609,2023-01-19,North,Furniture,Sofa,Home Office,8,116.63,0.0,933.04,256.38
ORD-12610,2024-07-13,Central,Office Supplies,Printer Paper,Consumer,5,4.61,0.15,19.59,6.21
ORD-12611,2023-12-20,Central,Office Supplies,Folder,Corporate,9,25.88,0.1,209.63,29.37
ORD-12612,2024-01-12,West,Office Supplies,Printer Paper,Home Office,6,22.27,0.1,120.26,15.2
ORD-12613,2024-05-15,North,Furniture,Bookshelf,Corporate,6,475.74,0.05,2711.72,263.37
ORD-12614,2024-05-13,East,Office Supplies,Folder,Consumer,4,19.72,0.1,70.99,15.53
ORD-12615,2023-12-23,Central,Electronics,Laptop,Home Office,9,256.6,0.0,2309.4,650.17
ORD-12616,2024-09-11,North,Furniture,Bookshelf,Consumer,8,657.81,0.2,4209.98,755.03
ORD-12617,2023-01-29,North,Office Supplies,Notebook,Consumer,2,18.7,0.05,35.53,4.26
ORD-12618,2024-11-04,Central,Furniture,Sofa,Home Office,4,204.04,0.05,775.35,185.51
ORD-12619,2024-03-26,,Office Supplies,Notebook,Home Office,8,5.0,0.0,40.0,8.36
ORD-12620,2024-04-19,Central,Office Supplies,Notebook,Corporate,6,51.02,0.1,275.51,54.12
ORD-12621,2024-06-21,North,Office Supplies,Stapler,Home Office,4,5.96,0.15,20.26,1.14
ORD-12622,2023-09-23,West,Furniture,Chair,Home Office,3,749.64,0.0,2248.92,183.85
ORD-12623,2023-10-05,West,Office Supplies,Printer Paper,Home Office,7,20.07,0.1,126.44,12.1
ORD-12624,2024-01-15,West,Electronics,Laptop,Corporate,6,1103.8,0.05,6291.66,484.75
ORD-12625,2023-10-20,West,Electronics,Laptop,Corporate,8,956.41,0.05,7268.72,1495.73
ORD-12626,2024-10-03,North,Furniture,Bookshelf,Consumer,6,440.01,0.05,2508.06,822.98
ORD-12627,2023-01-06,West,Furniture,Chair,Consumer,5,786.05,0.2,3144.2,1063.73
ORD-12628,2024-08-22,South,Furniture,Chair,Home Office,1,215.82,0.15,183.45,39.92
ORD-12629,2024-12-10,Central,Furniture,Chair,Corporate,7,566.33,0.05,3766.09,1308.73
ORD-12630,2024-03-13,South,Furniture,Lamp,Consumer,4,448.98,0.05,1706.12,474.25
ORD-12631,2023-10-17,North,Electronics,Smartphone,Corporate,1,591.19,0.05,561.63,70.61
ORD-12632,2024-05-13,South,Office Supplies,Printer Paper,Corporate,3,14.13,0.1,38.15,12.48
ORD-12633,2024-02-23,East,Furniture,Chair,Corporate,7,523.1,0.1,3295.53,172.44
ORD-12634,2023-11-21,East,Electronics,Headphones,Consumer,5,740.27,0.1,3331.22,197.24
ORD-12635,2023-12-14,Central,Electronics,Monitor,Home Office,1,673.89,0.0,673.89,158.1
ORD-12636,2023-07-21,North,Electronics,Headphones,Home Office,9,119.3,0.2,858.96,254.2
ORD-12637,2024-01-15,Central,Office Supplies,Pen Set,Consumer,3,55.46,0.0,166.38,19.02
ORD-12638,2024-02-20,South,Office Supplies,Folder,Home Office,5,18.74,0.05,89.01,12.35
ORD-12639,2023-04-16,North,Office Supplies,Stapler,Corporate,8,31.13,0.05,236.59,35.0
ORD-12640,2023-08-23,West,Office Supplies,Folder,Corporate,6,44.59,0.05,254.16,25.46
ORD-12641,2024-07-11,Central,Furniture,Sofa,Consumer,8,380.6,0.0,3044.8,300.76
ORD-12642,2024-09-02,North,Furniture,Sofa,Corporate,4,293.11,0.0,1172.44,395.38
ORD-12643,2023-11-16,South,Electronics,Smartphone,Corporate,1,125.95,0.05,119.65,18.44
ORD-12644,2024-11-07,West,Furniture,Chair,Corporate,2,481.38,0.0,962.76,192.67
ORD-12645,2023-10-12,Central,Office Supplies,Folder,Corporate,4,6.63,0.1,23.87,6.93
ORD-12646,2024-12-06,West,Furniture,Chair,Consumer,1,256.78,,243.94,67.63
ORD-12647,2023-02-24,South,Furniture,Desk,Home Office,2,84.37,0.05,160.3,17.68
ORD-12648,2024-03-27,West,Furniture,Bookshelf,Home Office,2,107.45,0.05,204.16,58.16
ORD-12649,2023-05-23,South,Office Supplies,Printer Paper,Corporate,7,36.94,0.15,219.79,38.34
ORD-12650,2024-11-12,North,Electronics,Monitor,Consumer,7,678.62,0.0,4750.34,1098.69
ORD-12651,2023-09-17,East,Office Supplies,Notebook,Home Office,1,56.02,0.1,50.42,8.95
ORD-12652,2023-04-13,South,Electronics,Smartphone,Home Office,7,1178.4,0.0,8248.8,887.07
ORD-12653,2023-02-10,North,Furniture,Sofa,Consumer,2,460.27,0.1,828.49,216.77
ORD-12654,2023-12-06,North,Office Supplies,Folder,Home Office,1,19.09,0.0,19.09,2.41
ORD-12655,2023-01-06,South,Furniture,Desk,Home Office,9,97.45,0.05,833.2,141.08
ORD-12656,2023-07-21,West,Electronics,Laptop,Consumer,7,192.52,0.05,1280.26,383.29
ORD-12657,2024-08-23,East,Electronics,Keyboard,Home Office,8,407.48,0.0,3259.84,756.25
ORD-12658,2023-11-10,North,Office Supplies,Pen Set,Home Office,2,26.24,0.2,41.98,13.89
ORD-12659,2023-08-19,East,Furniture,Bookshelf,Home Office,3,677.62,0.0,2032.86,494.61
ORD-12660,2024-03-27,North,Furniture,Sofa,Corporate,8,284.93,0.05,2165.47,747.7
ORD-12661,2024-01-25,East,Furniture,Desk,Consumer,4,618.73,0.0,2474.92,513.02
ORD-12662,2024-12-06,West,Electronics,Headphones,Corporate,7,242.78,0.1,1529.51,304.97
ORD-12663,2024-06-14,Central,Office Supplies,Stapler,Corporate,2,49.29,0.0,98.58,34.46
ORD-12664,2024-11-11,Central,Furniture,Sofa,Consumer,4,506.43,0.05,1924.43,459.16
ORD-12665,2023-05-24,South,Office Supplies,Stapler,Home Office,2,47.01,0.1,84.62,28.04
ORD-12666,2024-07-29,South,Office Supplies,Stapler,Corporate,5,2.25,0.0,11.25,2.95
ORD-12667,2023-10-03,Central,Electronics,Smartphone,Home Office,4,230.58,0.0,922.32,317.72
ORD-12668,2024-11-12,Central,Furniture,Sofa,Home Office,5,597.54,0.1,2688.93,901.33
ORD-12669,2023-03-24,Central,Office Supplies,Pen Set,Consumer,5,52.38,0.05,248.8,19.25
ORD-12670,2023-04-13,East,Office Supplies,Notebook,Corporate,8,15.19,0.0,121.52,14.27
ORD-12671,2024-11-05,Central,Electronics,Headphones,Corporate,9,456.46,0.1,3697.33,459.64
ORD-12672,2023-03-04,West,Furniture,Bookshelf,Corporate,2,115.28,0.2,184.45,24.51
ORD-12673,2023-08-08,East,Office Supplies,Notebook,Home Office,4,15.56,0.1,56.02,10.48
ORD-12674,2024-05-13,West,Office Supplies,Notebook,Consumer,2,57.4,0.0,114.8,25.56
ORD-12675,2024-03-23,South,Furniture,Lamp,Consumer,7,231.47,0.0,1620.29,370.07
ORD-12676,2024-07-01,West,Office Supplies,Pen Set,Corporate,9,24.82,0.1,201.04,34.88
ORD-12677,2024-07-10,North,Furniture,Desk,Corporate,4,688.11,0.0,2752.44,351.82
ORD-12678,2023-05-09,West,Furniture,Sofa,Corporate,4,719.39,0.1,2589.8,749.05
ORD-12679,2024-05-29,North,Furniture,Sofa,Corporate,8,599.45,0.0,4795.6,472.53
ORD-12680,2024-02-21,South,Electronics,Monitor,Home Office,3,758.57,0.2,1820.57,573.25
ORD-12681,2024-03-14,West,Electronics,Smartphone,Consumer,6,993.38,0.1,5364.25,1526.59
ORD-12682,2024-05-28,West,Furniture,Chair,Consumer,9,749.46,0.1,6070.63,1813.72
ORD-12683,2024-07-20,West,Furniture,Chair,Corporate,4,449.28,0.05,1707.26,180.79
ORD-12684,2023-05-19,West,Furniture,Bookshelf,Consumer,7,317.79,0.0,2224.53,173.77
ORD-12685,2024-05-27,South,Electronics,Headphones,Corporate,6,523.45,0.2,2512.56,693.4
ORD-12686,2024-04-13,West,Furniture,Bookshelf,Corporate,5,475.6,0.0,2378.0,349.03
ORD-12687,2024-11-14,South,Office Supplies,Pen Set,Home Office,5,9.64,0.0,48.2,10.9
ORD-12688,2024-10-31,East,Electronics,Smartphone,Home Office,4,1048.19,0.0,4192.76,1015.99
ORD-12689,2023-12-09,East,Furniture,Sofa,Corporate,9,455.44,0.05,3894.01,415.1
ORD-12690,2024-02-14,East,Office Supplies,Stapler,Home Office,4,32.6,0.0,130.4,20.15
ORD-12691,2023-06-25,Central,Office Supplies,Pen Set,Corporate,5,24.4,0.1,109.8,10.34
ORD-12692,2023-02-21,Central,Office Supplies,Stapler,Consumer,7,25.26,0.05,167.98,44.92
ORD-12693,2023-04-11,Central,Furniture,Bookshelf,Consumer,8,477.24,0.2,3054.34,483.34
ORD-12694,2023-07-28,North,Office Supplies,Stapler,Corporate,2,20.61,0.0,41.22,9.68
ORD-12695,2024-03-14,West,Furniture,Desk,Corporate,2,745.71,0.0,1491.42,431.39
ORD-12696,2024-02-27,South,Electronics,Keyboard,Corporate,7,931.12,0.15,5540.16,435.21
ORD-12697,2024-05-08,South,Office Supplies,Stapler,Home Office,3,27.45,0.05,78.23,26.46
ORD-12698,2024-01-28,North,Office Supplies,Notebook,Home Office,1,52.99,0.1,47.69,2.75
ORD-12699,2024-04-15,East,Furniture,Sofa,Home Office,2,246.55,0.0,493.1,27.02
ORD-12700,2024-06-14,South,Office Supplies,Printer Paper,Consumer,5,40.43,0.0,202.15,51.2
ORD-12701,2024-01-29,Central,Office Supplies,Pen Set,Consumer,4,43.17,0.0,172.68,50.65
ORD-12702,2024-09-09,South,Electronics,Laptop,Corporate,7,1010.94,0.1,6368.92,735.83
ORD-12703,2023-08-07,West,Office Supplies,Folder,Consumer,6,37.43,0.2,179.66,36.64
ORD-12704,2023-12-20,South,Office Supplies,Notebook,Home Office,1,14.34,0.1,12.91,3.92
ORD-12705,2023-07-27,West,Electronics,Laptop,Corporate,1,237.88,0.0,237.88,22.81
ORD-12706,2023-06-07,South,Furniture,Sofa,Consumer,7,497.87,0.15,2962.33,792.0
ORD-12707,2024-11-26,Central,Electronics,Keyboard,Corporate,2,1179.36,0.2,1886.98,552.28
ORD-12708,2023-01-05,East,Furniture,Chair,Home Office,2,93.0,0.0,186.0,16.93
ORD-12709,2023-03-02,West,Office Supplies,Pen Set,Corporate,1,31.47,0.05,29.9,4.32
ORD-12710,2023-12-31,South,Furniture,Sofa,Home Office,7,797.02,0.1,5021.23,1312.81
ORD-12711,2023-02-17,East,Office Supplies,Pen Set,Corporate,2,24.53,0.0,49.06,3.58
ORD-12712,2024-07-04,South,Office Supplies,Folder,Home Office,3,49.09,0.0,147.27,26.73
ORD-12713,2024-10-27,East,Furniture,Sofa,Consumer,9,758.35,0.0,6825.15,1870.79
ORD-12714,2023-07-08,West,Office Supplies,Stapler,Corporate,2,23.36,0.1,42.05,12.23
ORD-12715,2024-05-04,North,Furniture,Sofa,Consumer,7,232.13,0.0,1624.91,530.53
ORD-12716,2023-10-29,North,Office Supplies,Printer Paper,Home Office,1,44.02,0.1,39.62,4.79
ORD-12717,2023-02-28,Central,Furniture,Desk,Home Office,7,629.84,0.0,4408.88,720.15
ORD-12718,2023-07-04,South,Furniture,Sofa,Consumer,7,119.35,0.0,835.45,66.43
ORD-12719,2023-10-27,East,Furniture,Bookshelf,Consumer,6,138.65,0.0,831.9,68.05
ORD-12720,2024-10-21,South,Furniture,Bookshelf,Corporate,8,569.88,,3647.23,721.99
ORD-12721,2023-09-29,West,Furniture,Desk,Home Office,5,66.4,0.0,332.0,71.22
ORD-12722,2024-07-06,Central,Electronics,Keyboard,Corporate,1,149.42,0.1,134.48,23.34
ORD-12723,2023-03-23,West,Furniture,Chair,Consumer,9,274.43,0.0,2469.87,130.42
ORD-12724,2024-11-29,West,Electronics,Smartphone,Home Office,2,274.57,0.15,466.77,88.97
ORD-12725,2023-10-08,West,Furniture,Lamp,Consumer,4,739.35,0.05,2809.53,741.86
ORD-12726,2024-12-05,North,Electronics,Headphones,Consumer,3,987.76,0.0,2963.28,683.04
ORD-12727,2024-07-05,South,Electronics,Laptop,Home Office,9,555.82,0.1,4502.14,1247.75
ORD-12728,2024-12-19,West,Furniture,Desk,Consumer,4,242.89,0.0,971.56,86.33
ORD-12729,2023-08-06,North,Electronics,Keyboard,Corporate,4,307.13,0.0,1228.52,215.92
ORD-12730,2024-09-13,Central,Furniture,Sofa,Corporate,1,344.98,0.0,344.98,61.76
ORD-12731,2024-06-15,North,Furniture,Sofa,Home Office,5,536.62,0.0,2683.1,385.17
ORD-12732,2023-11-16,North,Furniture,Sofa,Consumer,9,778.44,0.1,6305.36,779.45
ORD-12733,2023-03-02,East,Office Supplies,Folder,Home Office,4,57.52,0.0,230.08,56.57
ORD-12734,2023-09-08,East,Furniture,Lamp,Home Office,7,77.22,0.0,540.54,51.49
ORD-12735,2023-06-05,East,Office Supplies,Pen Set,Home Office,1,7.3,0.05,6.94,2.33
ORD-12736,2023-02-06,North,Office Supplies,Pen Set,Corporate,7,2.57,0.0,17.99,5.1
ORD-12737,2024-04-13,North,Electronics,Smartphone,Consumer,5,781.63,0.0,3908.15,848.17
ORD-12738,2024-05-25,South,Furniture,Bookshelf,Home Office,3,733.81,0.05,2091.36,340.35
ORD-12739,2024-10-09,North,Electronics,Keyboard,Consumer,3,721.18,0.0,2163.54,500.02
ORD-12740,2023-06-04,West,Office Supplies,Notebook,Consumer,5,2.27,0.0,11.35,3.63
ORD-12741,2024-04-30,East,Office Supplies,Notebook,Corporate,5,34.63,0.0,173.15,18.73
ORD-12742,2024-01-17,West,Electronics,Headphones,Home Office,6,329.72,,1780.49,328.49
ORD-12743,2023-03-19,West,Furniture,Lamp,Corporate,4,117.36,0.0,469.44,95.48
ORD-12744,2024-08-17,South,Office Supplies,Stapler,Consumer,2,19.95,0.0,39.9,13.42
ORD-12745,2024-06-17,South,Furniture,Bookshelf,Corporate,8,219.34,0.1,1579.25,171.09
ORD-12746,2023-07-26,West,Office Supplies,Pen Set,Home Office,7,26.18,0.0,183.26,54.78
ORD-12747,2024-07-30,East,Office Supplies,Stapler,Consumer,2,23.0,0.0,46.0,6.88
ORD-12748,2023-11-04,East,Electronics,Smartphone,Home Office,4,533.17,0.1,1919.41,165.33
ORD-12749,2024-11-17,North,Office Supplies,Folder,Corporate,5,12.24,0.0,61.2,11.94
ORD-12750,2024-01-08,South,Office Supplies,Pen Set,Corporate,8,55.69,0.15,378.69,66.45
ORD-12751,2024-05-01,West,Furniture,Bookshelf,Corporate,1,437.59,0.05,415.71,125.83
ORD-12752,2023-09-04,North,Furniture,Bookshelf,Consumer,4,600.09,0.1,2160.32,506.38
ORD-12753,2024-10-29,South,Office Supplies,Folder,Home Office,5,12.85,0.05,61.04,16.54
ORD-12754,2023-08-03,East,Furniture,Bookshelf,Consumer,4,78.0,0.0,312.0,63.43
ORD-12755,2023-04-23,Central,Electronics,Keyboard,Consumer,9,1053.85,0.05,9010.42,1636.55
ORD-12756,2024-08-03,Central,Office Supplies,Stapler,Corporate,2,23.28,0.0,46.56,12.85
ORD-12757,2023-09-14,North,Electronics,Laptop,Consumer,2,651.32,0.0,1302.64,347.87
ORD-12758,2023-01-18,Central,Electronics,Monitor,Home Office,9,839.54,0.05,7178.07,1016.41
ORD-12759,2023-06-20,West,Electronics,Monitor,Consumer,1,411.9,0.0,411.9,30.14
ORD-12760,2024-03-16,West,Electronics,Headphones,Consumer,8,811.71,0.1,5844.31,1916.41
ORD-12761,2023-03-11,West,Furniture,Desk,Corporate,9,481.64,0.0,4334.76,904.72
ORD-12762,2024-09-11,South,Electronics,Laptop,Corporate,5,314.87,0.2,1259.48,350.4
ORD-12763,2024-11-08,South,Electronics,Keyboard,Home Office,4,680.69,0.0,2722.76,401.47
ORD-12764,2023-01-06,West,Office Supplies,Stapler,Corporate,7,34.8,0.2,194.88,58.33
ORD-12765,2024-11-18,East,Furniture,Chair,Home Office,8,755.94,0.1,5442.77,1261.66
ORD-12766,2023-05-24,East,Furniture,Sofa,Corporate,1,338.75,0.05,321.81,31.8
ORD-12767,2024-05-15,North,Furniture,Sofa,Corporate,5,711.85,0.0,3559.25,875.78
ORD-12768,2023-02-24,East,Electronics,Laptop,Home Office,6,119.9,0.05,683.43,106.62
ORD-12769,2024-08-12,East,Furniture,Sofa,Consumer,1,279.51,0.15,237.58,71.18
ORD-12770,2024-10-09,West,Furniture,Sofa,Consumer,5,596.56,0.2,2386.24,191.31
ORD-12771,2024-07-01,North,Electronics,Monitor,Corporate,7,1064.61,0.1,6707.04,1311.48
ORD-12772,2023-09-24,South,Office Supplies,Notebook,Home Office,8,27.7,0.05,210.52,45.77
ORD-12773,2023-03-20,North,Electronics,Headphones,Consumer,3,157.51,0.2,378.02,122.43
ORD-12774,2023-06-25,East,Furniture,Lamp,Corporate,7,688.93,0.1,4340.26,1299.35
ORD-12775,2024-03-10,West,Furniture,Sofa,Corporate,7,118.43,0.2,663.21,115.64
ORD-12776,2023-11-30,Central,Office Supplies,Folder,Home Office,4,33.09,0.1,119.12,30.11
ORD-12777,2023-04-28,North,Furniture,Chair,Corporate,7,354.39,0.05,2356.69,265.98
ORD-12778,2024-04-14,East,Office Supplies,Printer Paper,Corporate,4,11.93,0.0,47.72,11.18
ORD-12779,2023-01-11,East,Furniture,Bookshelf,Corporate,3,258.38,0.15,658.87,47.15
ORD-12780,2024-06-04,South,Furniture,Lamp,Corporate,3,498.75,0.05,1421.44,361.95
ORD-12781,2024-11-27,North,Electronics,Monitor,Corporate,1,192.17,0.0,192.17,34.08
ORD-12782,2024-01-06,North,Electronics,Smartphone,Home Office,7,591.29,0.1,3725.13,382.33
ORD-12783,2023-08-18,North,Furniture,Desk,Home Office,9,411.93,0.05,3522.0,671.36
ORD-12784,2023-04-04,South,Office Supplies,Pen Set,Corporate,8,4.21,0.0,33.68,4.31
ORD-12785,2024-04-19,Central,Office Supplies,Notebook,Home Office,1,18.19,0.15,15.46,1.89
ORD-12786,2023-08-29,East,Office Supplies,Notebook,Consumer,7,29.51,0.0,206.57,38.51
ORD-12787,2024-10-27,East,Furniture,Chair,Consumer,9,641.39,0.0,5772.51,1702.09
ORD-12788,2023-05-15,Central,Office Supplies,Printer Paper,Home Office,1,36.4,0.0,36.4,9.69
ORD-12789,2024-10-05,,Office Supplies,Printer Paper,Corporate,8,48.46,0.15,329.53,16.49
ORD-12790,2024-08-08,Central,Office Supplies,Stapler,Consumer,3,55.39,0.15,141.24,15.49
ORD-12791,2024-07-02,North,Office Supplies,Printer Paper,Consumer,9,52.28,0.05,446.99,63.65
ORD-12792,2024-07-13,South,Office Supplies,Printer Paper,Corporate,1,37.14,0.0,37.14,5.68
ORD-12793,2024-02-14,East,Furniture,Chair,Corporate,8,196.21,0.05,1491.2,255.13
ORD-12794,2024-02-25,West,Electronics,Keyboard,Corporate,4,243.29,0.0,973.16,57.48
ORD-12795,2024-06-04,East,Furniture,Desk,Consumer,7,563.2,0.0,3942.4,1121.36
ORD-12796,2023-08-09,North,Electronics,Keyboard,Home Office,2,462.61,0.0,925.22,62.14
ORD-12797,2023-02-28,East,Electronics,Smartphone,Corporate,2,621.26,,1242.52,156.25
ORD-12798,2024-08-29,West,Furniture,Lamp,Consumer,9,613.6,0.05,5246.28,972.5
ORD-12799,2023-09-13,East,Electronics,Monitor,Consumer,9,839.01,0.1,6795.98,1222.63
ORD-12800,2023-11-12,West,Office Supplies,Pen Set,Corporate,6,30.74,0.1,166.0,21.73
ORD-12801,2024-04-02,West,Electronics,Monitor,Corporate,1,200.87,0.0,200.87,27.81
ORD-12802,2024-01-02,Central,Electronics,Headphones,Corporate,2,880.93,0.05,1673.77,124.6
ORD-12803,2024-05-14,East,Office Supplies,Stapler,Home Office,7,36.29,0.0,254.03,66.93
ORD-12804,2024-12-04,East,Office Supplies,Folder,Home Office,6,15.86,0.0,95.16,29.92
ORD-12805,2024-01-05,South,Furniture,Sofa,Consumer,4,511.28,0.0,2045.12,531.52
ORD-12806,2023-02-26,West,Electronics,Laptop,Consumer,1,1173.93,0.2,939.14,239.52
ORD-12807,2024-07-29,South,Furniture,Lamp,Corporate,1,520.98,0.15,442.83,108.53
ORD-12808,2023-03-22,North,Furniture,Bookshelf,Consumer,5,466.49,0.05,2215.83,387.85
ORD-12809,2023-03-18,South,Electronics,Monitor,Corporate,2,294.91,0.0,589.82,205.07
ORD-12810,2024-12-23,South,Electronics,Keyboard,Home Office,3,1007.94,0.2,2419.06,310.1
ORD-12811,2024-07-23,West,Electronics,Headphones,Consumer,7,466.19,0.1,2937.0,503.3
ORD-12812,2023-06-12,North,Furniture,Lamp,Corporate,7,261.49,0.1,1647.39,119.14
ORD-12813,2024-03-02,West,Electronics,Headphones,Corporate,5,988.54,0.05,4695.56,1240.64
ORD-12814,2024-08-06,West,Furniture,Sofa,Corporate,2,285.43,0.05,542.32,104.67
ORD-12815,2023-07-16,South,Furniture,Sofa,Consumer,3,446.35,0.0,1339.05,411.98
ORD-12816,2024-09-14,West,Furniture,Bookshelf,Corporate,4,674.66,0.05,2563.71,402.46
ORD-12817,2024-09-29,West,Furniture,Lamp,Corporate,6,389.44,0.1,2102.98,335.91
ORD-12818,2023-02-24,East,Office Supplies,Printer Paper,Home Office,8,8.94,0.0,71.52,21.04
ORD-12819,2023-09-01,West,Electronics,Keyboard,Consumer,1,786.77,0.0,786.77,254.23
ORD-12820,2024-05-18,East,Furniture,Lamp,Corporate,3,546.0,0.0,1638.0,423.82
ORD-12821,2023-09-11,Central,Office Supplies,Folder,Corporate,4,2.69,0.2,8.61,2.83
ORD-12822,2024-03-09,West,Furniture,Lamp,Home Office,6,778.01,0.0,4668.06,1594.93
ORD-12823,2024-07-21,Central,Office Supplies,Pen Set,Home Office,5,30.64,0.2,122.56,37.08
ORD-12824,2024-12-22,South,Electronics,Headphones,Consumer,4,655.07,0.0,2620.28,886.42
ORD-12825,2023-09-10,Central,Furniture,Lamp,Home Office,5,409.25,0.0,2046.25,230.83
ORD-12826,2024-10-31,East,Office Supplies,Printer Paper,Home Office,6,9.06,0.0,54.36,4.85
ORD-12827,2023-12-05,South,Electronics,Smartphone,Consumer,5,87.82,0.0,439.1,123.44
ORD-12828,2024-09-22,North,Electronics,Keyboard,Corporate,5,111.73,0.0,558.65,155.57
ORD-12829,2024-08-09,Central,Furniture,Sofa,Home Office,9,214.9,0.05,1837.4,419.5
ORD-12830,2023-08-17,West,Furniture,Bookshelf,Consumer,7,489.91,0.0,3429.37,702.93
ORD-12831,2024-02-17,West,Office Supplies,Folder,Home Office,6,33.78,0.0,202.68,33.95
ORD-12832,2023-04-04,Central,Office Supplies,Printer Paper,Corporate,3,13.82,0.05,39.39,10.45
ORD-12833,2023-09-26,South,Electronics,Smartphone,Consumer,6,535.14,0.0,3210.84,587.42
ORD-12834,2024-02-17,West,Electronics,Monitor,Corporate,2,914.91,0.1,1646.84,562.72
ORD-12835,2024-07-28,North,Office Supplies,Folder,Corporate,2,25.82,0.0,51.64,16.08
ORD-12836,2023-07-12,South,Office Supplies,Printer Paper,Corporate,2,36.59,0.0,73.18,6.41
ORD-12837,2024-09-25,South,Electronics,Headphones,Consumer,4,1199.04,0.0,4796.16,543.17
ORD-12838,2024-10-23,North,Furniture,Bookshelf,Home Office,3,302.39,0.05,861.81,56.05
ORD-12839,2024-04-08,North,Office Supplies,Printer Paper,Consumer,7,42.35,0.0,296.45,101.91
ORD-12840,2023-07-04,West,Electronics,Keyboard,Consumer,1,172.01,0.2,137.61,29.71
ORD-12841,2023-11-10,Central,Furniture,Lamp,Corporate,5,334.03,,1503.14,484.81
ORD-12842,2023-02-23,North,Office Supplies,Stapler,Corporate,4,28.78,0.0,115.12,21.86
ORD-12843,2023-07-05,East,Office Supplies,Folder,Corporate,5,22.11,0.05,105.02,24.51
ORD-12844,2024-03-20,North,Office Supplies,Stapler,Home Office,6,26.25,0.0,157.5,51.59
ORD-12845,2023-04-08,South,Office Supplies,Printer Paper,Home Office,5,12.76,0.15,54.23,5.13
ORD-12846,2023-07-10,East,Office Supplies,Notebook,Consumer,5,8.41,0.05,39.95,8.35
ORD-12847,2023-03-04,North,Furniture,Bookshelf,Corporate,3,405.83,0.2,973.99,175.45
ORD-12848,2024-09-26,West,Office Supplies,Printer Paper,Corporate,4,24.45,0.15,83.13,17.49
ORD-12849,2024-11-10,Central,Electronics,Monitor,Corporate,6,265.2,0.0,1591.2,224.67
ORD-12850,2023-08-29,East,Electronics,Headphones,Consumer,2,694.32,0.0,1388.64,212.48
ORD-12851,2024-05-30,South,Furniture,Chair,Corporate,3,369.9,0.0,1109.7,255.04
ORD-12852,2024-01-30,Central,Office Supplies,Printer Paper,Corporate,7,45.06,0.0,315.42,86.73
ORD-12853,2023-11-27,Central,Furniture,Desk,Home Office,5,304.54,0.05,1446.56,179.7
ORD-12854,2023-09-15,East,Furniture,Bookshelf,Consumer,2,374.37,0.15,636.43,193.99
ORD-12855,2023-11-10,West,Electronics,Laptop,Corporate,1,750.89,0.2,600.71,120.01
ORD-12856,2024-06-08,South,Furniture,Lamp,Home Office,5,749.85,0.15,3186.86,878.69
ORD-12857,2023-09-21,North,Furniture,Desk,Consumer,3,599.94,0.1,1619.84,362.2
ORD-12858,2023-10-24,North,Furniture,Desk,Home Office,2,225.84,0.05,429.1,28.93
ORD-12859,2023-01-09,South,Office Supplies,Notebook,Corporate,1,29.1,0.1,26.19,8.28
ORD-12860,2024-08-06,South,Electronics,Monitor,Corporate,6,646.69,0.05,3686.13,1245.35
ORD-12861,2024-06-02,South,Furniture,Desk,Home Office,2,383.95,0.1,691.11,201.03
ORD-12862,2024-08-02,East,Electronics,Monitor,Home Office,6,285.57,0.05,1627.75,245.03
ORD-12863,2024-09-16,West,Electronics,Laptop,Consumer,4,396.8,0.0,1587.2,97.77
ORD-12864,2024-12-29,North,Electronics,Smartphone,Consumer,7,1088.26,0.05,7236.93,465.95
ORD-12865,2023-10-01,West,Office Supplies,Stapler,Home Office,9,55.11,0.2,396.79,50.9
ORD-12866,2023-02-04,East,Electronics,Keyboard,Consumer,8,494.66,0.2,3165.82,911.09
ORD-12867,2023-04-23,East,Office Supplies,Printer Paper,Corporate,1,25.4,0.0,25.4,2.18
ORD-12868,2023-01-24,Central,Furniture,Sofa,Home Office,5,281.73,0.0,1408.65,330.51
ORD-12869,2024-08-21,West,Furniture,Sofa,Corporate,5,798.77,0.0,3993.85,522.55
ORD-12870,2023-07-04,Central,Furniture,Bookshelf,Corporate,6,122.02,0.0,732.12,231.94
ORD-12871,2023-04-18,Central,Electronics,Keyboard,Corporate,6,988.51,0.15,5041.4,417.9
ORD-12872,2023-04-18,West,Office Supplies,Printer Paper,Consumer,1,36.65,0.0,36.65,6.66
ORD-12873,2024-03-17,East,Electronics,Headphones,Consumer,2,686.69,0.05,1304.71,395.8
ORD-12874,2023-10-07,East,Furniture,Lamp,Corporate,7,221.76,0.15,1319.47,75.06
ORD-12875,2023-06-21,Central,Furniture,Bookshelf,Consumer,3,122.67,0.0,368.01,48.02
ORD-12876,2024-06-29,West,Furniture,Sofa,Consumer,1,752.19,0.1,676.97,101.1
ORD-12877,2024-04-05,West,Electronics,Monitor,Corporate,1,710.94,0.05,675.39,228.93
ORD-12878,2024-01-12,East,Office Supplies,Pen Set,Consumer,6,33.65,0.2,161.52,21.37
ORD-12879,2023-05-11,South,Furniture,Lamp,Home Office,9,47.65,0.05,407.41,68.03
ORD-12880,2023-06-09,North,Office Supplies,Pen Set,Corporate,9,33.33,0.0,299.97,26.83
ORD-12881,2024-05-24,South,Electronics,Smartphone,Consumer,9,389.64,0.1,3156.08,466.0
ORD-12882,2024-04-14,East,Furniture,Desk,Consumer,6,791.29,0.1,4272.97,462.93
ORD-12883,2023-08-16,East,Electronics,Keyboard,Corporate,3,1044.18,0.0,3132.54,830.91
ORD-12884,2023-05-09,East,Furniture,Desk,Consumer,6,751.42,0.1,4057.67,1272.45
ORD-12885,2024-02-25,South,Office Supplies,Stapler,Home Office,2,55.33,0.0,110.66,28.96
ORD-12886,2024-05-12,East,Office Supplies,Pen Set,Consumer,8,45.62,0.0,364.96,87.89
ORD-12887,2023-12-19,Central,Office Supplies,Stapler,Consumer,9,19.75,0.05,168.86,58.78
ORD-12888,2024-01-29,West,Furniture,Chair,Consumer,3,298.56,0.2,716.54,118.08
ORD-12889,2023-07-21,South,Furniture,Sofa,Corporate,1,214.22,0.1,192.8,27.27
ORD-12890,2023-10-11,East,Office Supplies,Printer Paper,Home Office,6,41.09,0.1,221.89,28.57
ORD-12891,2023-03-01,Central,Office Supplies,Stapler,Corporate,8,57.85,0.15,393.38,90.34
ORD-12892,2024-03-06,Central,Office Supplies,Printer Paper,Corporate,2,17.85,0.0,35.7,3.73
ORD-12893,2023-03-18,West,Office Supplies,Pen Set,Consumer,2,43.87,0.15,74.58,9.72
ORD-12894,2023-05-07,North,Office Supplies,Pen Set,Corporate,8,56.51,0.05,429.48,90.63
ORD-12895,2023-01-18,South,Electronics,Monitor,Consumer,4,70.09,0.0,280.36,86.33
ORD-12896,2023-01-06,East,Electronics,Keyboard,Home Office,5,367.69,0.1,1654.6,142.65
ORD-12897,2023-10-09,Central,Electronics,Monitor,Corporate,3,346.14,0.1,934.58,192.99
ORD-12898,2023-05-02,South,Furniture,Bookshelf,Corporate,1,791.11,0.0,791.11,161.21
ORD-12899,2024-09-17,Central,Office Supplies,Notebook,Home Office,8,28.86,0.0,230.88,29.96
ORD-12900,2023-08-03,South,Electronics,Headphones,Home Office,8,188.18,0.0,1505.44,253.32
ORD-12901,2024-07-08,,Furniture,Chair,Home Office,2,53.14,0.0,106.28,17.32
ORD-12902,2024-10-07,South,Furniture,Chair,Home Office,9,367.01,0.0,3303.09,602.05
ORD-12903,2024-02-18,South,Office Supplies,Folder,Home Office,7,44.72,0.05,297.39,31.76
ORD-12904,2024-06-11,Central,Electronics,Headphones,Consumer,2,1190.83,0.1,2143.49,174.95
ORD-12905,2024-08-09,West,Furniture,Desk,Home Office,5,283.52,0.2,1134.08,232.86
ORD-12906,2024-01-14,Central,Office Supplies,Printer Paper,Consumer,2,51.46,0.0,102.92,16.55
ORD-12907,2024-12-11,North,Furniture,Bookshelf,Home Office,1,263.37,0.0,263.37,52.16
ORD-12908,2024-07-07,North,Electronics,Headphones,Home Office,5,1071.59,0.0,5357.95,1331.02
ORD-12909,2023-08-29,West,Office Supplies,Folder,Consumer,8,14.22,0.1,102.38,24.41
ORD-12910,2023-02-03,West,Office Supplies,Stapler,Consumer,6,57.27,0.0,343.62,79.42
ORD-12911,2024-08-20,West,Electronics,Laptop,Home Office,2,742.0,0.0,1484.0,268.86
ORD-12912,2023-03-12,Central,Electronics,Smartphone,Corporate,3,564.98,0.15,1440.7,488.51
ORD-12913,2024-02-23,East,Furniture,Bookshelf,Consumer,9,42.1,0.2,303.12,45.6
ORD-12914,2023-05-31,Central,Furniture,Sofa,Corporate,8,650.06,0.2,4160.38,516.65
ORD-12915,2024-11-09,South,Office Supplies,Stapler,Corporate,3,46.17,0.0,138.51,24.75
ORD-12916,2024-06-04,West,Electronics,Monitor,Corporate,6,405.08,0.05,2308.96,461.84
ORD-12917,2024-12-14,West,Electronics,Keyboard,Corporate,3,422.25,0.05,1203.41,321.37
ORD-12918,2023-05-27,South,Office Supplies,Printer Paper,Corporate,2,9.18,0.1,16.52,3.45
ORD-12919,2024-04-07,West,Office Supplies,Folder,Corporate,4,20.02,0.1,72.07,10.85
ORD-12920,2024-07-15,West,Furniture,Chair,Consumer,9,105.74,0.15,808.91,271.42
ORD-12921,2024-12-11,West,Office Supplies,Pen Set,Corporate,3,39.29,0.1,106.08,22.86
ORD-12922,2024-01-14,North,Electronics,Keyboard,Home Office,9,50.01,0.05,427.59,77.77
ORD-12923,2023-12-23,West,Office Supplies,Pen Set,Corporate,4,11.54,0.05,43.85,11.72
ORD-12924,2023-12-25,South,Furniture,Sofa,Corporate,9,255.2,0.2,1837.44,283.37
ORD-12925,2023-07-13,West,Electronics,Smartphone,Home Office,5,318.85,0.05,1514.54,364.73
ORD-12926,2024-01-06,North,Office Supplies,Folder,Consumer,3,33.99,0.1,91.77,9.16
ORD-12927,2023-01-29,West,Electronics,Keyboard,Corporate,2,1199.78,0.0,2399.56,223.72
ORD-12928,2023-01-25,Central,Furniture,Chair,Home Office,3,189.11,0.05,538.96,108.51
ORD-12929,2023-12-16,North,Furniture,Sofa,Home Office,3,355.95,0.05,1014.46,206.47
ORD-12930,2024-03-14,North,Office Supplies,Notebook,Consumer,2,39.4,0.1,70.92,5.87
ORD-12931,2023-04-03,East,Electronics,Keyboard,Consumer,7,692.23,0.0,4845.61,1206.51
ORD-12932,2023-08-02,South,Electronics,Smartphone,Home Office,8,1009.31,0.0,8074.48,788.24
ORD-12933,2023-04-27,Central,Electronics,Smartphone,Home Office,6,674.59,0.0,4047.54,1017.49
ORD-12934,2024-01-18,North,Furniture,Lamp,Home Office,5,266.29,0.0,1331.45,152.6
ORD-12935,2024-02-10,South,Furniture,Lamp,Consumer,4,691.93,0.0,2767.72,313.22
ORD-12936,2024-02-13,West,Electronics,Headphones,Consumer,2,458.35,0.15,779.2,194.78
ORD-12937,2024-03-31,South,Furniture,Bookshelf,Corporate,5,334.54,0.15,1421.8,303.55
ORD-12938,2023-10-31,West,Office Supplies,Stapler,Corporate,3,54.69,0.1,147.66,46.06
ORD-12939,2024-10-21,North,Office Supplies,Notebook,Consumer,6,30.5,0.1,164.7,47.19
ORD-12940,2024-07-11,East,Furniture,Desk,Corporate,5,312.55,0.2,1250.2,200.55
ORD-12941,2023-03-11,South,Electronics,Headphones,Home Office,7,338.98,0.0,2372.86,251.37
ORD-12942,2024-05-11,,Office Supplies,Folder,Consumer,5,33.56,0.0,167.8,47.84
ORD-12943,2023-01-08,South,Electronics,Keyboard,Home Office,6,508.96,0.1,2748.38,268.18
ORD-12944,2023-05-21,South,Furniture,Desk,Consumer,5,768.62,0.0,3843.1,771.46
ORD-12945,2023-01-17,Central,Electronics,Laptop,Corporate,1,484.18,0.0,484.18,121.85
ORD-12946,2024-08-13,West,Office Supplies,Pen Set,Corporate,9,3.95,0.1,32.0,11.13
ORD-12947,2023-02-12,North,Electronics,Headphones,Consumer,7,1184.21,0.1,7460.52,2259.77
ORD-12948,2024-12-07,West,Office Supplies,Pen Set,Home Office,5,10.62,0.0,53.1,2.81
ORD-12949,2023-08-10,East,Furniture,Chair,Consumer,1,610.0,0.15,518.5,101.45
ORD-12950,2023-12-09,Central,Electronics,Smartphone,Consumer,3,821.03,0.2,1970.47,603.25
ORD-12951,2024-07-10,Central,Office Supplies,Stapler,Consumer,3,58.73,0.0,176.19,30.67
ORD-12952,2023-09-25,West,Furniture,Lamp,Home Office,4,296.66,0.05,1127.31,351.93
ORD-12953,2023-05-27,South,Furniture,Sofa,Corporate,3,323.46,0.1,873.34,130.27
ORD-12954,2024-12-26,East,Furniture,Lamp,Home Office,1,102.3,0.05,97.18,22.16
ORD-12955,2024-02-07,North,Electronics,Monitor,Home Office,1,65.73,0.05,62.44,16.28
ORD-12956,2023-04-03,North,Electronics,Headphones,Consumer,8,934.16,0.05,7099.62,984.17
ORD-12957,2024-04-10,South,Office Supplies,Pen Set,Corporate,2,21.88,0.0,43.76,3.5
ORD-12958,2024-05-17,North,Office Supplies,Pen Set,Corporate,4,49.73,0.05,188.97,26.5
ORD-12959,2024-12-19,Central,Office Supplies,Printer Paper,Corporate,1,34.46,0.1,31.01,2.08
ORD-12960,2023-04-16,North,Office Supplies,Pen Set,Corporate,4,31.1,0.05,118.18,10.38
ORD-12961,2023-12-03,West,Furniture,Chair,Consumer,1,278.23,0.05,264.32,17.51
ORD-12962,2024-01-28,South,Office Supplies,Folder,Home Office,4,11.11,0.1,40.0,8.01
ORD-12963,2024-01-09,South,Office Supplies,Folder,Corporate,4,4.75,0.0,19.0,2.3
ORD-12964,2023-11-05,East,Electronics,Monitor,Corporate,3,958.42,0.1,2587.73,693.53
ORD-12965,2024-11-30,West,Furniture,Lamp,Home Office,5,658.66,0.05,3128.64,932.58
ORD-12966,2023-01-31,South,Furniture,Desk,Consumer,4,72.36,0.0,289.44,47.31
ORD-12967,2023-04-29,North,Furniture,Sofa,Consumer,1,416.88,0.1,375.19,38.39
ORD-12968,2024-12-20,Central,Office Supplies,Folder,Home Office,9,52.16,,422.5,52.25
ORD-12969,2023-07-22,East,Electronics,Headphones,Corporate,5,319.96,0.2,1279.84,164.89
ORD-12970,2024-05-06,Central,Office Supplies,Notebook,Corporate,2,35.81,0.0,71.62,16.51
ORD-12971,2024-08-27,West,Office Supplies,Notebook,Corporate,9,20.61,0.0,185.49,29.55
ORD-12972,2023-08-31,North,Furniture,Bookshelf,Home Office,8,263.98,0.05,2006.25,415.76
ORD-12973,2023-06-30,West,Furniture,Chair,Corporate,1,170.6,0.05,162.07,36.88
ORD-12974,2024-04-02,North,Electronics,Laptop,Home Office,9,51.44,0.0,462.96,152.15
ORD-12975,2024-08-02,South,Office Supplies,Stapler,Corporate,8,52.25,0.2,334.4,33.8
ORD-12976,2023-01-21,,Furniture,Chair,Home Office,6,574.29,0.05,3273.45,614.97
ORD-12977,2023-02-16,South,Office Supplies,Folder,Corporate,9,7.93,0.15,60.66,4.21
ORD-12978,2023-10-08,South,Office Supplies,Pen Set,Consumer,1,38.06,0.0,38.06,6.56
ORD-12979,2023-03-31,South,Electronics,Smartphone,Consumer,7,410.83,0.1,2588.23,902.72
ORD-12980,2023-07-21,Central,Furniture,Bookshelf,Home Office,9,582.25,0.0,5240.25,1395.82
ORD-12981,2023-12-30,Central,Office Supplies,Printer Paper,Corporate,7,43.53,0.1,274.24,25.35
ORD-12982,2024-02-10,South,Office Supplies,Printer Paper,Home Office,3,46.33,0.05,132.04,22.0
ORD-12983,2023-08-30,West,Office Supplies,Stapler,Consumer,5,59.84,0.2,239.36,75.79
ORD-12984,2023-01-24,West,Furniture,Bookshelf,Consumer,7,490.47,0.1,3089.96,970.4
ORD-12985,2024-07-12,South,Electronics,Laptop,Consumer,5,182.25,0.1,820.12,66.68
ORD-12986,2024-04-04,Central,Office Supplies,Pen Set,Corporate,5,42.0,0.0,210.0,28.69
ORD-12987,2023-08-06,South,Office Supplies,Notebook,Consumer,8,19.61,0.0,156.88,19.56
ORD-12988,2024-09-17,South,Furniture,Desk,Home Office,7,407.59,0.05,2710.47,185.78
ORD-12989,2024-04-21,South,Electronics,Keyboard,Corporate,7,410.7,0.1,2587.41,206.52
ORD-12990,2023-04-13,West,Electronics,Smartphone,Consumer,2,707.53,0.05,1344.31,251.36
ORD-12991,2023-05-31,Central,Furniture,Sofa,Home Office,9,715.53,0.15,5473.8,929.28
ORD-12992,2024-10-09,West,Office Supplies,Pen Set,Corporate,5,48.72,0.0,243.6,70.96
ORD-12993,2024-02-05,West,Electronics,Laptop,Home Office,5,1072.51,0.0,5362.55,326.22
ORD-12994,2023-05-19,East,Electronics,Monitor,Home Office,1,428.51,0.05,407.08,43.5
ORD-12995,2023-06-16,North,Office Supplies,Folder,Home Office,7,35.7,0.0,249.9,72.06
ORD-12996,2024-02-28,South,Office Supplies,Stapler,Home Office,1,46.65,0.05,44.32,10.02
ORD-12997,2023-12-15,West,Furniture,Desk,Home Office,1,574.23,0.05,545.52,164.37
ORD-12998,2023-07-31,South,Furniture,Lamp,Consumer,3,226.71,0.05,646.12,164.09
ORD-12999,2024-10-12,East,Office Supplies,Notebook,Corporate,5,24.76,0.15,105.23,33.46
